Phase 8 sharded run — mar 01 sep 2026 00:46:31 CEST
Swap available: 5,1Gi free

=== SHARD: benchmark_s1 (floods f01-f11, 247 tests) ===
   Compiling test(zkmine_2g_unittest) zkmine_2g v0.1.0 (/home/cactussediento/Proyectos/zkminestark/contracts/zkmine_2g/Scarb.toml)
warn: Unused import: `zkmine_2g::cell::u512_mul_small`
 --> /home/cactussediento/Proyectos/zkminestark/contracts/zkmine_2g/src/cell.cairo:20:42
use zkmine_2g::bigint::{binom, u512_add, u512_mul_small, u512_mul_u256, u512_zero, u512_from_u32};
                                         ^^^^^^^^^^^^^^

warn: Unused import: `zkmine_2g::cell::u512_from_u32`
 --> /home/cactussediento/Proyectos/zkminestark/contracts/zkmine_2g/src/cell.cairo:20:84
use zkmine_2g::bigint::{binom, u512_add, u512_mul_small, u512_mul_u256, u512_zero, u512_from_u32};
                                                                                   ^^^^^^^^^^^^^

    Finished `dev` profile target(s) in 46 seconds


Collected 246 test(s) from zkmine_2g package
Running 246 test(s) from src/
[PASS] zkmine_2g::tests::test_ve_phase8_s1::p8_f01_s011 (l1_gas: ~0, l1_data_gas: ~0, l2_gas: ~184748546)
[PASS] zkmine_2g::tests::test_ve_phase8_s1::p8_f01_s003 (l1_gas: ~0, l1_data_gas: ~0, l2_gas: ~234668149)
[PASS] zkmine_2g::tests::test_ve_phase8_s1::p8_f01_s002 (l1_gas: ~0, l1_data_gas: ~0, l2_gas: ~273329494)
[PASS] zkmine_2g::tests::test_ve_phase8_s1::p8_f01_s001 (l1_gas: ~0, l1_data_gas: ~0, l2_gas: ~430984519)
[PASS] zkmine_2g::tests::test_ve_phase8_s1::p8_f01_s004 (l1_gas: ~0, l1_data_gas: ~0, l2_gas: ~238795116)
[PASS] zkmine_2g::tests::test_ve_phase8_s1::p8_f01_s005 (l1_gas: ~0, l1_data_gas: ~0, l2_gas: ~230939028)
[PASS] zkmine_2g::tests::test_ve_phase8_s1::p8_f01_s006 (l1_gas: ~0, l1_data_gas: ~0, l2_gas: ~234451177)
[PASS] zkmine_2g::tests::test_ve_phase8_s1::p8_f01_s007 (l1_gas: ~0, l1_data_gas: ~0, l2_gas: ~228231902)
[PASS] zkmine_2g::tests::test_ve_phase8_s1::p8_f01_s010 (l1_gas: ~0, l1_data_gas: ~0, l2_gas: ~183155229)
[PASS] zkmine_2g::tests::test_ve_phase8_s1::p8_f01_s008 (l1_gas: ~0, l1_data_gas: ~0, l2_gas: ~325786965)
[PASS] zkmine_2g::tests::test_ve_phase8_s1::p8_f01_s009 (l1_gas: ~0, l1_data_gas: ~0, l2_gas: ~317951929)
[PASS] zkmine_2g::tests::test_ve_phase8_s1::p8_f07_s032 (l1_gas: ~0, l1_data_gas: ~0, l2_gas: ~503501355)
[PASS] zkmine_2g::tests::test_ve_phase8_s1::p8_f07_s034 (l1_gas: ~0, l1_data_gas: ~0, l2_gas: ~477367219)
[PASS] zkmine_2g::tests::test_ve_phase8_s1::p8_f07_s035 (l1_gas: ~0, l1_data_gas: ~0, l2_gas: ~483440664)
[PASS] zkmine_2g::tests::test_ve_phase8_s1::p8_f07_s033 (l1_gas: ~0, l1_data_gas: ~0, l2_gas: ~556676193)
[PASS] zkmine_2g::tests::test_ve_phase8_s1::p8_f07_s036 (l1_gas: ~0, l1_data_gas: ~0, l2_gas: ~483655702)
[PASS] zkmine_2g::tests::test_ve_phase8_s1::p8_f08_s001 (l1_gas: ~0, l1_data_gas: ~0, l2_gas: ~908788726)
[PASS] zkmine_2g::tests::test_ve_phase8_s1::p8_f08_s002 (l1_gas: ~0, l1_data_gas: ~0, l2_gas: ~858740691)
[PASS] zkmine_2g::tests::test_ve_phase8_s1::p8_f08_s003 (l1_gas: ~0, l1_data_gas: ~0, l2_gas: ~1104164063)
[PASS] zkmine_2g::tests::test_ve_phase8_s1::p8_f08_s004 (l1_gas: ~0, l1_data_gas: ~0, l2_gas: ~840338643)
[PASS] zkmine_2g::tests::test_ve_phase8_s1::p8_f08_s006 (l1_gas: ~0, l1_data_gas: ~0, l2_gas: ~740715390)
[PASS] zkmine_2g::tests::test_ve_phase8_s1::p8_f08_s005 (l1_gas: ~0, l1_data_gas: ~0, l2_gas: ~867283183)
[PASS] zkmine_2g::tests::test_ve_phase8_s1::p8_f08_s007 (l1_gas: ~0, l1_data_gas: ~0, l2_gas: ~756872559)
[PASS] zkmine_2g::tests::test_ve_phase8_s1::p8_f08_s008 (l1_gas: ~0, l1_data_gas: ~0, l2_gas: ~813606205)
[PASS] zkmine_2g::tests::test_ve_phase8_s1::p8_f08_s009 (l1_gas: ~0, l1_data_gas: ~0, l2_gas: ~678214887)
[PASS] zkmine_2g::tests::test_ve_phase8_s1::p8_f08_s010 (l1_gas: ~0, l1_data_gas: ~0, l2_gas: ~700981520)
[PASS] zkmine_2g::tests::test_ve_phase8_s1::p8_f08_s011 (l1_gas: ~0, l1_data_gas: ~0, l2_gas: ~679613114)
[PASS] zkmine_2g::tests::test_ve_phase8_s1::p8_f08_s012 (l1_gas: ~0, l1_data_gas: ~0, l2_gas: ~754781852)
[PASS] zkmine_2g::tests::test_ve_phase8_s1::p8_f08_s013 (l1_gas: ~0, l1_data_gas: ~0, l2_gas: ~709642395)
[PASS] zkmine_2g::tests::test_ve_phase8_s1::p8_f08_s014 (l1_gas: ~0, l1_data_gas: ~0, l2_gas: ~711703066)
[PASS] zkmine_2g::tests::test_ve_phase8_s1::p8_f08_s015 (l1_gas: ~0, l1_data_gas: ~0, l2_gas: ~713311043)
[PASS] zkmine_2g::tests::test_ve_phase8_s1::p8_f08_s016 (l1_gas: ~0, l1_data_gas: ~0, l2_gas: ~716008290)
[PASS] zkmine_2g::tests::test_ve_phase8_s1::p8_f08_s017 (l1_gas: ~0, l1_data_gas: ~0, l2_gas: ~705539985)
[PASS] zkmine_2g::tests::test_ve_phase8_s1::p8_f08_s018 (l1_gas: ~0, l1_data_gas: ~0, l2_gas: ~756662771)
[PASS] zkmine_2g::tests::test_ve_phase8_s1::p8_f08_s019 (l1_gas: ~0, l1_data_gas: ~0, l2_gas: ~773766341)
[PASS] zkmine_2g::tests::test_ve_phase8_s1::p8_f08_s020 (l1_gas: ~0, l1_data_gas: ~0, l2_gas: ~717923687)
[PASS] zkmine_2g::tests::test_ve_phase8_s1::p8_f08_s021 (l1_gas: ~0, l1_data_gas: ~0, l2_gas: ~759582556)
[PASS] zkmine_2g::tests::test_ve_phase8_s1::p8_f08_s022 (l1_gas: ~0, l1_data_gas: ~0, l2_gas: ~761323369)
[PASS] zkmine_2g::tests::test_ve_phase8_s1::p8_f08_s023 (l1_gas: ~0, l1_data_gas: ~0, l2_gas: ~753969856)
[PASS] zkmine_2g::tests::test_ve_phase8_s1::p8_f08_s024 (l1_gas: ~0, l1_data_gas: ~0, l2_gas: ~741291917)
[PASS] zkmine_2g::tests::test_ve_phase8_s1::p8_f08_s025 (l1_gas: ~0, l1_data_gas: ~0, l2_gas: ~766378446)
[PASS] zkmine_2g::tests::test_ve_phase8_s1::p8_f08_s026 (l1_gas: ~0, l1_data_gas: ~0, l2_gas: ~700424882)
[PASS] zkmine_2g::tests::test_ve_phase8_s1::p8_f08_s027 (l1_gas: ~0, l1_data_gas: ~0, l2_gas: ~726039629)
[PASS] zkmine_2g::tests::test_ve_phase8_s1::p8_f08_s028 (l1_gas: ~0, l1_data_gas: ~0, l2_gas: ~719828078)
[PASS] zkmine_2g::tests::test_ve_phase8_s1::p8_f08_s029 (l1_gas: ~0, l1_data_gas: ~0, l2_gas: ~764542023)
[PASS] zkmine_2g::tests::test_ve_phase8_s1::p8_f08_s030 (l1_gas: ~0, l1_data_gas: ~0, l2_gas: ~1060092649)
[PASS] zkmine_2g::tests::test_ve_phase8_s1::p8_f08_s031 (l1_gas: ~0, l1_data_gas: ~0, l2_gas: ~910800664)
[PASS] zkmine_2g::tests::test_ve_phase8_s1::p8_f08_s032 (l1_gas: ~0, l1_data_gas: ~0, l2_gas: ~750913316)
[PASS] zkmine_2g::tests::test_ve_phase8_s1::p8_f08_s033 (l1_gas: ~0, l1_data_gas: ~0, l2_gas: ~761540643)
[PASS] zkmine_2g::tests::test_ve_phase8_s1::p8_f08_s034 (l1_gas: ~0, l1_data_gas: ~0, l2_gas: ~681172914)
[PASS] zkmine_2g::tests::test_ve_phase8_s1::p8_f08_s036 (l1_gas: ~0, l1_data_gas: ~0, l2_gas: ~797210591)
[PASS] zkmine_2g::tests::test_ve_phase8_s1::p8_f08_s035 (l1_gas: ~0, l1_data_gas: ~0, l2_gas: ~742827809)
[PASS] zkmine_2g::tests::test_ve_phase8_s1::p8_f08_s037 (l1_gas: ~0, l1_data_gas: ~0, l2_gas: ~926039835)
[PASS] zkmine_2g::tests::test_ve_phase8_s1::p8_f09_s001 (l1_gas: ~0, l1_data_gas: ~0, l2_gas: ~13708800)
[PASS] zkmine_2g::tests::test_ve_phase8_s1::p8_f09_s002 (l1_gas: ~0, l1_data_gas: ~0, l2_gas: ~13937329)
[PASS] zkmine_2g::tests::test_ve_phase8_s1::p8_f09_s003 (l1_gas: ~0, l1_data_gas: ~0, l2_gas: ~9738026)
[PASS] zkmine_2g::tests::test_ve_phase8_s1::p8_f09_s004 (l1_gas: ~0, l1_data_gas: ~0, l2_gas: ~14739120)
[PASS] zkmine_2g::tests::test_ve_phase8_s1::p8_f09_s005 (l1_gas: ~0, l1_data_gas: ~0, l2_gas: ~19733153)
[PASS] zkmine_2g::tests::test_ve_phase8_s1::p8_f09_s006 (l1_gas: ~0, l1_data_gas: ~0, l2_gas: ~29182159)
[PASS] zkmine_2g::tests::test_ve_phase8_s1::p8_f08_s038 (l1_gas: ~0, l1_data_gas: ~0, l2_gas: ~983849518)
[PASS] zkmine_2g::tests::test_ve_phase8_s1::p8_f09_s007 (l1_gas: ~0, l1_data_gas: ~0, l2_gas: ~16079036)
[PASS] zkmine_2g::tests::test_ve_phase8_s1::p8_f08_s040 (l1_gas: ~0, l1_data_gas: ~0, l2_gas: ~773910547)
[PASS] zkmine_2g::tests::test_ve_phase8_s1::p8_f10_s015 (l1_gas: ~0, l1_data_gas: ~0, l2_gas: ~21602770)
[PASS] zkmine_2g::tests::test_ve_phase8_s1::p8_f09_s008 (l1_gas: ~0, l1_data_gas: ~0, l2_gas: ~16449242)
[PASS] zkmine_2g::tests::test_ve_phase8_s1::p8_f09_s009 (l1_gas: ~0, l1_data_gas: ~0, l2_gas: ~12213489)
[PASS] zkmine_2g::tests::test_ve_phase8_s1::p8_f10_s001 (l1_gas: ~0, l1_data_gas: ~0, l2_gas: ~33188436)
[PASS] zkmine_2g::tests::test_ve_phase8_s1::p8_f10_s002 (l1_gas: ~0, l1_data_gas: ~0, l2_gas: ~18131445)
[PASS] zkmine_2g::tests::test_ve_phase8_s1::p8_f10_s003 (l1_gas: ~0, l1_data_gas: ~0, l2_gas: ~18591109)
[PASS] zkmine_2g::tests::test_ve_phase8_s1::p8_f08_s039 (l1_gas: ~0, l1_data_gas: ~0, l2_gas: ~820818405)
[PASS] zkmine_2g::tests::test_ve_phase8_s1::p8_f10_s004 (l1_gas: ~0, l1_data_gas: ~0, l2_gas: ~24635585)
[PASS] zkmine_2g::tests::test_ve_phase8_s1::p8_f10_s016 (l1_gas: ~0, l1_data_gas: ~0, l2_gas: ~33011404)
[PASS] zkmine_2g::tests::test_ve_phase8_s1::p8_f10_s006 (l1_gas: ~0, l1_data_gas: ~0, l2_gas: ~26096490)
[PASS] zkmine_2g::tests::test_ve_phase8_s1::p8_f10_s007 (l1_gas: ~0, l1_data_gas: ~0, l2_gas: ~14550103)
[PASS] zkmine_2g::tests::test_ve_phase8_s1::p8_f10_s005 (l1_gas: ~0, l1_data_gas: ~0, l2_gas: ~17848589)
[PASS] zkmine_2g::tests::test_ve_phase8_s1::p8_f10_s008 (l1_gas: ~0, l1_data_gas: ~0, l2_gas: ~25238396)
[PASS] zkmine_2g::tests::test_ve_phase8_s1::p8_f10_s009 (l1_gas: ~0, l1_data_gas: ~0, l2_gas: ~20550105)
[PASS] zkmine_2g::tests::test_ve_phase8_s1::p8_f10_s011 (l1_gas: ~0, l1_data_gas: ~0, l2_gas: ~25635772)
[PASS] zkmine_2g::tests::test_ve_phase8_s1::p8_f10_s010 (l1_gas: ~0, l1_data_gas: ~0, l2_gas: ~29656507)
[PASS] zkmine_2g::tests::test_ve_phase8_s1::p8_f10_s012 (l1_gas: ~0, l1_data_gas: ~0, l2_gas: ~30469914)
[PASS] zkmine_2g::tests::test_ve_phase8_s1::p8_f10_s013 (l1_gas: ~0, l1_data_gas: ~0, l2_gas: ~25507959)
[PASS] zkmine_2g::tests::test_ve_phase8_s1::p8_f10_s014 (l1_gas: ~0, l1_data_gas: ~0, l2_gas: ~31636759)
[PASS] zkmine_2g::tests::test_ve_phase8_s1::p8_f10_s017 (l1_gas: ~0, l1_data_gas: ~0, l2_gas: ~21940171)
[PASS] zkmine_2g::tests::test_ve_phase8_s1::p8_f10_s018 (l1_gas: ~0, l1_data_gas: ~0, l2_gas: ~33640389)
[PASS] zkmine_2g::tests::test_ve_phase8_s1::p8_f10_s019 (l1_gas: ~0, l1_data_gas: ~0, l2_gas: ~22540684)
[PASS] zkmine_2g::tests::test_ve_phase8_s1::p8_f10_s020 (l1_gas: ~0, l1_data_gas: ~0, l2_gas: ~39299733)
[PASS] zkmine_2g::tests::test_ve_phase8_s1::p8_f10_s021 (l1_gas: ~0, l1_data_gas: ~0, l2_gas: ~43218162)
[PASS] zkmine_2g::tests::test_ve_phase8_s1::p8_f10_s022 (l1_gas: ~0, l1_data_gas: ~0, l2_gas: ~42105924)
[PASS] zkmine_2g::tests::test_ve_phase8_s1::p8_f10_s023 (l1_gas: ~0, l1_data_gas: ~0, l2_gas: ~37910791)
[PASS] zkmine_2g::tests::test_ve_phase8_s1::p8_f10_s024 (l1_gas: ~0, l1_data_gas: ~0, l2_gas: ~35462657)
[PASS] zkmine_2g::tests::test_ve_phase8_s1::p8_f11_s001 (l1_gas: ~0, l1_data_gas: ~0, l2_gas: ~61989211)
[PASS] zkmine_2g::tests::test_ve_phase8_s1::p8_f10_s025 (l1_gas: ~0, l1_data_gas: ~0, l2_gas: ~37509344)
[PASS] zkmine_2g::tests::test_ve_phase8_s1::p8_f10_s026 (l1_gas: ~0, l1_data_gas: ~0, l2_gas: ~28325652)
[PASS] zkmine_2g::tests::test_ve_phase8_s1::p8_f10_s028 (l1_gas: ~0, l1_data_gas: ~0, l2_gas: ~34312255)
[PASS] zkmine_2g::tests::test_ve_phase8_s1::p8_f10_s027 (l1_gas: ~0, l1_data_gas: ~0, l2_gas: ~38374969)
[PASS] zkmine_2g::tests::test_ve_phase8_s1::p8_f11_s002 (l1_gas: ~0, l1_data_gas: ~0, l2_gas: ~48305368)
[PASS] zkmine_2g::tests::test_ve_phase8_s1::p8_f11_s005 (l1_gas: ~0, l1_data_gas: ~0, l2_gas: ~47130234)
[PASS] zkmine_2g::tests::test_ve_phase8_s1::p8_f11_s003 (l1_gas: ~0, l1_data_gas: ~0, l2_gas: ~56492968)
[PASS] zkmine_2g::tests::test_ve_phase8_s1::p8_f11_s004 (l1_gas: ~0, l1_data_gas: ~0, l2_gas: ~46725836)
[PASS] zkmine_2g::tests::test_ve_phase8_s1::p8_f11_s006 (l1_gas: ~0, l1_data_gas: ~0, l2_gas: ~61989211)
[PASS] zkmine_2g::tests::test_ve_phase8_s1::p8_f11_s008 (l1_gas: ~0, l1_data_gas: ~0, l2_gas: ~49691750)
[PASS] zkmine_2g::tests::test_ve_phase8_s1::p8_f11_s009 (l1_gas: ~0, l1_data_gas: ~0, l2_gas: ~50327287)
[PASS] zkmine_2g::tests::test_ve_phase8_s1::p8_f11_s007 (l1_gas: ~0, l1_data_gas: ~0, l2_gas: ~57013360)
[PASS] zkmine_2g::tests::test_ve_phase8_s1::p8_f11_s010 (l1_gas: ~0, l1_data_gas: ~0, l2_gas: ~58452538)
[PASS] zkmine_2g::tests::test_ve_phase8_s1::p8_f11_s011 (l1_gas: ~0, l1_data_gas: ~0, l2_gas: ~61909532)
[PASS] zkmine_2g::tests::test_ve_phase8_s1::p8_f11_s012 (l1_gas: ~0, l1_data_gas: ~0, l2_gas: ~53877698)
[PASS] zkmine_2g::tests::test_ve_phase8_s1::p8_f11_s017 (l1_gas: ~0, l1_data_gas: ~0, l2_gas: ~63012046)
[PASS] zkmine_2g::tests::test_ve_phase8_s1::p8_f11_s013 (l1_gas: ~0, l1_data_gas: ~0, l2_gas: ~50952692)
[PASS] zkmine_2g::tests::test_ve_phase8_s1::p8_f11_s015 (l1_gas: ~0, l1_data_gas: ~0, l2_gas: ~54879781)
[PASS] zkmine_2g::tests::test_ve_phase8_s1::p8_f11_s014 (l1_gas: ~0, l1_data_gas: ~0, l2_gas: ~51313367)
[PASS] zkmine_2g::tests::test_ve_phase8_s1::p8_f11_s018 (l1_gas: ~0, l1_data_gas: ~0, l2_gas: ~56219117)
[PASS] zkmine_2g::tests::test_ve_phase8_s1::p8_f11_s016 (l1_gas: ~0, l1_data_gas: ~0, l2_gas: ~57047425)
[PASS] zkmine_2g::tests::test_ve_phase8_s1::p8_f11_s019 (l1_gas: ~0, l1_data_gas: ~0, l2_gas: ~61324896)
[PASS] zkmine_2g::tests::test_ve_phase8_s1::p8_f11_s020 (l1_gas: ~0, l1_data_gas: ~0, l2_gas: ~61126663)
[PASS] zkmine_2g::tests::test_ve_phase8_s1::p8_f11_s021 (l1_gas: ~0, l1_data_gas: ~0, l2_gas: ~59688510)
[PASS] zkmine_2g::tests::test_ve_phase8_s1::p8_f11_s022 (l1_gas: ~0, l1_data_gas: ~0, l2_gas: ~68223196)
[PASS] zkmine_2g::tests::test_ve_phase8_s1::p8_f11_s023 (l1_gas: ~0, l1_data_gas: ~0, l2_gas: ~57743858)
[PASS] zkmine_2g::tests::test_ve_phase8_s1::p8_f11_s025 (l1_gas: ~0, l1_data_gas: ~0, l2_gas: ~62921688)
[PASS] zkmine_2g::tests::test_ve_phase8_s1::p8_f11_s024 (l1_gas: ~0, l1_data_gas: ~0, l2_gas: ~58099783)
[PASS] zkmine_2g::tests::test_ve_phase8_s1::p8_f11_s026 (l1_gas: ~0, l1_data_gas: ~0, l2_gas: ~65617831)
[PASS] zkmine_2g::tests::test_ve_phase8_s1::p8_f11_s029 (l1_gas: ~0, l1_data_gas: ~0, l2_gas: ~62574959)
[PASS] zkmine_2g::tests::test_ve_phase8_s1::p8_f11_s027 (l1_gas: ~0, l1_data_gas: ~0, l2_gas: ~76940449)
[PASS] zkmine_2g::tests::test_ve_phase8_s1::p8_f11_s028 (l1_gas: ~0, l1_data_gas: ~0, l2_gas: ~72182650)
[PASS] zkmine_2g::tests::test_ve_phase8_s1::p8_f11_s030 (l1_gas: ~0, l1_data_gas: ~0, l2_gas: ~66785194)
[PASS] zkmine_2g::tests::test_ve_phase8_s1::p8_f11_s031 (l1_gas: ~0, l1_data_gas: ~0, l2_gas: ~57813514)
[PASS] zkmine_2g::tests::test_ve_phase8_s1::p8_f04_s009 (l1_gas: ~0, l1_data_gas: ~0, l2_gas: ~12349623)
[PASS] zkmine_2g::tests::test_ve_phase8_s1::p8_f11_s032 (l1_gas: ~0, l1_data_gas: ~0, l2_gas: ~60013697)
[PASS] zkmine_2g::tests::test_ve_phase8_s1::p8_f11_s033 (l1_gas: ~0, l1_data_gas: ~0, l2_gas: ~60013697)
[PASS] zkmine_2g::tests::test_ve_phase8_s1::p8_f02_s004 (l1_gas: ~0, l1_data_gas: ~0, l2_gas: ~130055953)
[PASS] zkmine_2g::tests::test_ve_phase8_s1::p8_f02_s006 (l1_gas: ~0, l1_data_gas: ~0, l2_gas: ~136889685)
[PASS] zkmine_2g::tests::test_ve_phase8_s1::p8_f02_s007 (l1_gas: ~0, l1_data_gas: ~0, l2_gas: ~135294168)
[PASS] zkmine_2g::tests::test_ve_phase8_s1::p8_f02_s005 (l1_gas: ~0, l1_data_gas: ~0, l2_gas: ~149838321)
[PASS] zkmine_2g::tests::test_ve_phase8_s1::p8_f02_s010 (l1_gas: ~0, l1_data_gas: ~0, l2_gas: ~103020862)
[PASS] zkmine_2g::tests::test_ve_phase8_s1::p8_f02_s009 (l1_gas: ~0, l1_data_gas: ~0, l2_gas: ~143013661)
[PASS] zkmine_2g::tests::test_ve_phase8_s1::p8_f02_s008 (l1_gas: ~0, l1_data_gas: ~0, l2_gas: ~155427249)
[PASS] zkmine_2g::tests::test_ve_phase8_s1::p8_f03_s001 (l1_gas: ~0, l1_data_gas: ~0, l2_gas: ~277199019)
[PASS] zkmine_2g::tests::test_ve_phase8_s1::p8_f03_s002 (l1_gas: ~0, l1_data_gas: ~0, l2_gas: ~242389719)
[PASS] zkmine_2g::tests::test_ve_phase8_s1::p8_f03_s004 (l1_gas: ~0, l1_data_gas: ~0, l2_gas: ~293625466)
[PASS] zkmine_2g::tests::test_ve_phase8_s1::p8_f03_s003 (l1_gas: ~0, l1_data_gas: ~0, l2_gas: ~265477984)
[PASS] zkmine_2g::tests::test_ve_phase8_s1::p8_f03_s006 (l1_gas: ~0, l1_data_gas: ~0, l2_gas: ~287651683)
[PASS] zkmine_2g::tests::test_ve_phase8_s1::p8_f03_s005 (l1_gas: ~0, l1_data_gas: ~0, l2_gas: ~306600270)
[PASS] zkmine_2g::tests::test_ve_phase8_s1::p8_f03_s007 (l1_gas: ~0, l1_data_gas: ~0, l2_gas: ~333628277)
[PASS] zkmine_2g::tests::test_ve_phase8_s1::p8_f03_s008 (l1_gas: ~0, l1_data_gas: ~0, l2_gas: ~311250661)
[PASS] zkmine_2g::tests::test_ve_phase8_s1::p8_f04_s001 (l1_gas: ~0, l1_data_gas: ~0, l2_gas: ~13708800)
[PASS] zkmine_2g::tests::test_ve_phase8_s1::p8_f04_s003 (l1_gas: ~0, l1_data_gas: ~0, l2_gas: ~9750964)
[PASS] zkmine_2g::tests::test_ve_phase8_s1::p8_f04_s002 (l1_gas: ~0, l1_data_gas: ~0, l2_gas: ~14005757)
[PASS] zkmine_2g::tests::test_ve_phase8_s1::p8_f04_s004 (l1_gas: ~0, l1_data_gas: ~0, l2_gas: ~13754549)
[PASS] zkmine_2g::tests::test_ve_phase8_s1::p8_f04_s005 (l1_gas: ~0, l1_data_gas: ~0, l2_gas: ~9533936)
[PASS] zkmine_2g::tests::test_ve_phase8_s1::p8_f04_s007 (l1_gas: ~0, l1_data_gas: ~0, l2_gas: ~11044003)
[PASS] zkmine_2g::tests::test_ve_phase8_s1::p8_f04_s006 (l1_gas: ~0, l1_data_gas: ~0, l2_gas: ~15220324)
[PASS] zkmine_2g::tests::test_ve_phase8_s1::p8_f03_s009 (l1_gas: ~0, l1_data_gas: ~0, l2_gas: ~352194026)
[PASS] zkmine_2g::tests::test_ve_phase8_s1::p8_f04_s008 (l1_gas: ~0, l1_data_gas: ~0, l2_gas: ~15996869)
[PASS] zkmine_2g::tests::test_ve_phase8_s1::p8_f06_s010 (l1_gas: ~0, l1_data_gas: ~0, l2_gas: ~133482993)
[PASS] zkmine_2g::tests::test_ve_phase8_s1::p8_f03_s010 (l1_gas: ~0, l1_data_gas: ~0, l2_gas: ~399138758)
[PASS] zkmine_2g::tests::test_ve_phase8_s1::p8_f06_s011 (l1_gas: ~0, l1_data_gas: ~0, l2_gas: ~121012737)
[PASS] zkmine_2g::tests::test_ve_phase8_s1::p8_f06_s012 (l1_gas: ~0, l1_data_gas: ~0, l2_gas: ~125990957)
[PASS] zkmine_2g::tests::test_ve_phase8_s1::p8_f06_s013 (l1_gas: ~0, l1_data_gas: ~0, l2_gas: ~133296121)
[PASS] zkmine_2g::tests::test_ve_phase8_s1::p8_f06_s014 (l1_gas: ~0, l1_data_gas: ~0, l2_gas: ~128692296)
[PASS] zkmine_2g::tests::test_ve_phase8_s1::p8_f06_s015 (l1_gas: ~0, l1_data_gas: ~0, l2_gas: ~129926746)
[PASS] zkmine_2g::tests::test_ve_phase8_s1::p8_f06_s016 (l1_gas: ~0, l1_data_gas: ~0, l2_gas: ~131569251)
[PASS] zkmine_2g::tests::test_ve_phase8_s1::p8_f07_s012 (l1_gas: ~0, l1_data_gas: ~0, l2_gas: ~570011545)
[PASS] zkmine_2g::tests::test_ve_phase8_s1::p8_f07_s002 (l1_gas: ~0, l1_data_gas: ~0, l2_gas: ~477220512)
[PASS] zkmine_2g::tests::test_ve_phase8_s1::p8_f07_s004 (l1_gas: ~0, l1_data_gas: ~0, l2_gas: ~503964274)
[PASS] zkmine_2g::tests::test_ve_phase8_s1::p8_f07_s001 (l1_gas: ~0, l1_data_gas: ~0, l2_gas: ~606611395)
[PASS] zkmine_2g::tests::test_ve_phase8_s1::p8_f07_s003 (l1_gas: ~0, l1_data_gas: ~0, l2_gas: ~503889890)
[PASS] zkmine_2g::tests::test_ve_phase8_s1::p8_f07_s005 (l1_gas: ~0, l1_data_gas: ~0, l2_gas: ~479281418)
[PASS] zkmine_2g::tests::test_ve_phase8_s1::p8_f07_s006 (l1_gas: ~0, l1_data_gas: ~0, l2_gas: ~606178067)
[PASS] zkmine_2g::tests::test_ve_phase8_s1::p8_f07_s008 (l1_gas: ~0, l1_data_gas: ~0, l2_gas: ~518068998)
[PASS] zkmine_2g::tests::test_ve_phase8_s1::p8_f07_s007 (l1_gas: ~0, l1_data_gas: ~0, l2_gas: ~583288626)
[PASS] zkmine_2g::tests::test_ve_phase8_s1::p8_f07_s009 (l1_gas: ~0, l1_data_gas: ~0, l2_gas: ~541952141)
[PASS] zkmine_2g::tests::test_ve_phase8_s1::p8_f01_s013 (l1_gas: ~0, l1_data_gas: ~0, l2_gas: ~189866275)
[PASS] zkmine_2g::tests::test_ve_phase8_s1::p8_f07_s010 (l1_gas: ~0, l1_data_gas: ~0, l2_gas: ~504670673)
[PASS] zkmine_2g::tests::test_ve_phase8_s1::p8_f01_s014 (l1_gas: ~0, l1_data_gas: ~0, l2_gas: ~175768331)
[PASS] zkmine_2g::tests::test_ve_phase8_s1::p8_f07_s011 (l1_gas: ~0, l1_data_gas: ~0, l2_gas: ~504701934)
[PASS] zkmine_2g::tests::test_ve_phase8_s1::p8_f01_s026 (l1_gas: ~0, l1_data_gas: ~0, l2_gas: ~571102993)
[PASS] zkmine_2g::tests::test_ve_phase8_s1::p8_f01_s015 (l1_gas: ~0, l1_data_gas: ~0, l2_gas: ~334209060)
[PASS] zkmine_2g::tests::test_ve_phase8_s1::p8_f01_s016 (l1_gas: ~0, l1_data_gas: ~0, l2_gas: ~369666884)
[PASS] zkmine_2g::tests::test_ve_phase8_s1::p8_f01_s017 (l1_gas: ~0, l1_data_gas: ~0, l2_gas: ~237418584)
[PASS] zkmine_2g::tests::test_ve_phase8_s1::p8_f01_s018 (l1_gas: ~0, l1_data_gas: ~0, l2_gas: ~239077081)
[PASS] zkmine_2g::tests::test_ve_phase8_s1::p8_f01_s019 (l1_gas: ~0, l1_data_gas: ~0, l2_gas: ~240751818)
[PASS] zkmine_2g::tests::test_ve_phase8_s1::p8_f01_s020 (l1_gas: ~0, l1_data_gas: ~0, l2_gas: ~244951795)
[PASS] zkmine_2g::tests::test_ve_phase8_s1::p8_f01_s021 (l1_gas: ~0, l1_data_gas: ~0, l2_gas: ~245703043)
[PASS] zkmine_2g::tests::test_ve_phase8_s1::p8_f01_s023 (l1_gas: ~0, l1_data_gas: ~0, l2_gas: ~234505984)
[PASS] zkmine_2g::tests::test_ve_phase8_s1::p8_f01_s022 (l1_gas: ~0, l1_data_gas: ~0, l2_gas: ~233895328)
[PASS] zkmine_2g::tests::test_ve_phase8_s1::p8_f01_s024 (l1_gas: ~0, l1_data_gas: ~0, l2_gas: ~271023671)
[PASS] zkmine_2g::tests::test_ve_phase8_s1::p8_f01_s028 (l1_gas: ~0, l1_data_gas: ~0, l2_gas: ~248702456)
[PASS] zkmine_2g::tests::test_ve_phase8_s1::p8_f01_s033 (l1_gas: ~0, l1_data_gas: ~0, l2_gas: ~423600700)
[PASS] zkmine_2g::tests::test_ve_phase8_s1::p8_f01_s025 (l1_gas: ~0, l1_data_gas: ~0, l2_gas: ~469056339)
[PASS] zkmine_2g::tests::test_ve_phase8_s1::p8_f01_s029 (l1_gas: ~0, l1_data_gas: ~0, l2_gas: ~250474133)
[PASS] zkmine_2g::tests::test_ve_phase8_s1::p8_f01_s027 (l1_gas: ~0, l1_data_gas: ~0, l2_gas: ~471669106)
[PASS] zkmine_2g::tests::test_ve_phase8_s1::p8_f01_s030 (l1_gas: ~0, l1_data_gas: ~0, l2_gas: ~254589514)
[PASS] zkmine_2g::tests::test_ve_phase8_s1::p8_f01_s031 (l1_gas: ~0, l1_data_gas: ~0, l2_gas: ~256163911)
[PASS] zkmine_2g::tests::test_ve_phase8_s1::p8_f01_s032 (l1_gas: ~0, l1_data_gas: ~0, l2_gas: ~246583463)
[PASS] zkmine_2g::tests::test_ve_phase8_s1::p8_f01_s037 (l1_gas: ~0, l1_data_gas: ~0, l2_gas: ~261932460)
[PASS] zkmine_2g::tests::test_ve_phase8_s1::p8_f01_s034 (l1_gas: ~0, l1_data_gas: ~0, l2_gas: ~422198575)
[PASS] zkmine_2g::tests::test_ve_phase8_s1::p8_f01_s035 (l1_gas: ~0, l1_data_gas: ~0, l2_gas: ~286675116)
[PASS] zkmine_2g::tests::test_ve_phase8_s1::p8_f01_s036 (l1_gas: ~0, l1_data_gas: ~0, l2_gas: ~259598196)
[PASS] zkmine_2g::tests::test_ve_phase8_s1::p8_f07_s022 (l1_gas: ~0, l1_data_gas: ~0, l2_gas: ~477623693)
[PASS] zkmine_2g::tests::test_ve_phase8_s1::p8_f07_s013 (l1_gas: ~0, l1_data_gas: ~0, l2_gas: ~517811260)
[PASS] zkmine_2g::tests::test_ve_phase8_s1::p8_f07_s015 (l1_gas: ~0, l1_data_gas: ~0, l2_gas: ~483296902)
[PASS] zkmine_2g::tests::test_ve_phase8_s1::p8_f07_s014 (l1_gas: ~0, l1_data_gas: ~0, l2_gas: ~563276952)
[PASS] zkmine_2g::tests::test_ve_phase8_s1::p8_f07_s017 (l1_gas: ~0, l1_data_gas: ~0, l2_gas: ~513539108)
[PASS] zkmine_2g::tests::test_ve_phase8_s1::p8_f07_s018 (l1_gas: ~0, l1_data_gas: ~0, l2_gas: ~514380340)
[PASS] zkmine_2g::tests::test_ve_phase8_s1::p8_f07_s016 (l1_gas: ~0, l1_data_gas: ~0, l2_gas: ~565015576)
[PASS] zkmine_2g::tests::test_ve_phase8_s1::p8_f02_s001 (l1_gas: ~0, l1_data_gas: ~0, l2_gas: ~93349190)
[PASS] zkmine_2g::tests::test_ve_phase8_s1::p8_f07_s019 (l1_gas: ~0, l1_data_gas: ~0, l2_gas: ~563646617)
[PASS] zkmine_2g::tests::test_ve_phase8_s1::p8_f02_s002 (l1_gas: ~0, l1_data_gas: ~0, l2_gas: ~87045719)
[PASS] zkmine_2g::tests::test_ve_phase8_s1::p8_f07_s020 (l1_gas: ~0, l1_data_gas: ~0, l2_gas: ~521034553)
[PASS] zkmine_2g::tests::test_ve_phase8_s1::p8_f05_s013 (l1_gas: ~0, l1_data_gas: ~0, l2_gas: ~127929850)
[PASS] zkmine_2g::tests::test_ve_phase8_s1::p8_f07_s021 (l1_gas: ~0, l1_data_gas: ~0, l2_gas: ~564894367)
[PASS] zkmine_2g::tests::test_ve_phase8_s1::p8_f01_s038 (l1_gas: ~0, l1_data_gas: ~0, l2_gas: ~265737396)
[PASS] zkmine_2g::tests::test_ve_phase8_s1::p8_f05_s001 (l1_gas: ~0, l1_data_gas: ~0, l2_gas: ~138784793)
[PASS] zkmine_2g::tests::test_ve_phase8_s1::p8_f05_s002 (l1_gas: ~0, l1_data_gas: ~0, l2_gas: ~143358980)
[PASS] zkmine_2g::tests::test_ve_phase8_s1::p8_f05_s003 (l1_gas: ~0, l1_data_gas: ~0, l2_gas: ~165776332)
[PASS] zkmine_2g::tests::test_ve_phase8_s1::p8_f05_s004 (l1_gas: ~0, l1_data_gas: ~0, l2_gas: ~145005016)
[PASS] zkmine_2g::tests::test_ve_phase8_s1::p8_f05_s005 (l1_gas: ~0, l1_data_gas: ~0, l2_gas: ~150909377)
[PASS] zkmine_2g::tests::test_ve_phase8_s1::p8_f05_s006 (l1_gas: ~0, l1_data_gas: ~0, l2_gas: ~141928883)
[PASS] zkmine_2g::tests::test_ve_phase8_s1::p8_f05_s007 (l1_gas: ~0, l1_data_gas: ~0, l2_gas: ~155131882)
[PASS] zkmine_2g::tests::test_ve_phase8_s1::p8_f05_s009 (l1_gas: ~0, l1_data_gas: ~0, l2_gas: ~149682126)
[PASS] zkmine_2g::tests::test_ve_phase8_s1::p8_f05_s008 (l1_gas: ~0, l1_data_gas: ~0, l2_gas: ~158961202)
[PASS] zkmine_2g::tests::test_ve_phase8_s1::p8_f05_s010 (l1_gas: ~0, l1_data_gas: ~0, l2_gas: ~123269416)
[PASS] zkmine_2g::tests::test_ve_phase8_s1::p8_f05_s011 (l1_gas: ~0, l1_data_gas: ~0, l2_gas: ~124732768)
[PASS] zkmine_2g::tests::test_ve_phase8_s1::p8_f05_s012 (l1_gas: ~0, l1_data_gas: ~0, l2_gas: ~119392664)
[PASS] zkmine_2g::tests::test_ve_phase8_s1::p8_f07_s025 (l1_gas: ~0, l1_data_gas: ~0, l2_gas: ~482516541)
[PASS] zkmine_2g::tests::test_ve_phase8_s1::p8_f07_s023 (l1_gas: ~0, l1_data_gas: ~0, l2_gas: ~483634718)
[PASS] zkmine_2g::tests::test_ve_phase8_s1::p8_f07_s027 (l1_gas: ~0, l1_data_gas: ~0, l2_gas: ~622520203)
[PASS] zkmine_2g::tests::test_ve_phase8_s1::p8_f07_s024 (l1_gas: ~0, l1_data_gas: ~0, l2_gas: ~578060751)
[PASS] zkmine_2g::tests::test_ve_phase8_s1::p8_f06_s002 (l1_gas: ~0, l1_data_gas: ~0, l2_gas: ~163528546)
[PASS] zkmine_2g::tests::test_ve_phase8_s1::p8_f05_s014 (l1_gas: ~0, l1_data_gas: ~0, l2_gas: ~127013977)
[PASS] zkmine_2g::tests::test_ve_phase8_s1::p8_f07_s026 (l1_gas: ~0, l1_data_gas: ~0, l2_gas: ~491160494)
[PASS] zkmine_2g::tests::test_ve_phase8_s1::p8_f05_s015 (l1_gas: ~0, l1_data_gas: ~0, l2_gas: ~126839258)
[PASS] zkmine_2g::tests::test_ve_phase8_s1::p8_f05_s016 (l1_gas: ~0, l1_data_gas: ~0, l2_gas: ~133895687)
[PASS] zkmine_2g::tests::test_ve_phase8_s1::p8_f07_s029 (l1_gas: ~0, l1_data_gas: ~0, l2_gas: ~563918920)
[PASS] zkmine_2g::tests::test_ve_phase8_s1::p8_f05_s017 (l1_gas: ~0, l1_data_gas: ~0, l2_gas: ~143943711)
[PASS] zkmine_2g::tests::test_ve_phase8_s1::p8_f06_s001 (l1_gas: ~0, l1_data_gas: ~0, l2_gas: ~159901619)
[PASS] zkmine_2g::tests::test_ve_phase8_s1::p8_f07_s028 (l1_gas: ~0, l1_data_gas: ~0, l2_gas: ~600050542)
[PASS] zkmine_2g::tests::test_ve_phase8_s1::p8_f06_s005 (l1_gas: ~0, l1_data_gas: ~0, l2_gas: ~128177718)
[PASS] zkmine_2g::tests::test_ve_phase8_s1::p8_f06_s003 (l1_gas: ~0, l1_data_gas: ~0, l2_gas: ~158201697)
[PASS] zkmine_2g::tests::test_ve_phase8_s1::p8_f06_s004 (l1_gas: ~0, l1_data_gas: ~0, l2_gas: ~158820631)
[PASS] zkmine_2g::tests::test_ve_phase8_s1::p8_f06_s007 (l1_gas: ~0, l1_data_gas: ~0, l2_gas: ~150014312)
[PASS] zkmine_2g::tests::test_ve_phase8_s1::p8_f06_s006 (l1_gas: ~0, l1_data_gas: ~0, l2_gas: ~124624147)
[PASS] zkmine_2g::tests::test_ve_phase8_s1::p8_f07_s031 (l1_gas: ~0, l1_data_gas: ~0, l2_gas: ~526163728)
[PASS] zkmine_2g::tests::test_ve_phase8_s1::p8_f07_s030 (l1_gas: ~0, l1_data_gas: ~0, l2_gas: ~574138952)
[PASS] zkmine_2g::tests::test_ve_phase8_s1::p8_f02_s003 (l1_gas: ~0, l1_data_gas: ~0, l2_gas: ~106052207)
[PASS] zkmine_2g::tests::test_ve_phase8_s1::p8_f06_s009 (l1_gas: ~0, l1_data_gas: ~0, l2_gas: ~132469382)
[PASS] zkmine_2g::tests::test_ve_phase8_s1::p8_f06_s008 (l1_gas: ~0, l1_data_gas: ~0, l2_gas: ~131400702)
[PASS] zkmine_2g::tests::test_ve_phase8_s1::p8_f01_s012 (l1_gas: ~0, l1_data_gas: ~0, l2_gas: ~188366503)
Tests: 246 passed, 0 failed, 0 ignored, 0 filtered out

=== END SHARD: benchmark_s1 (floods f01-f11, 247 tests) ===
=== SHARD: benchmark_s2 (floods f12-f22, 161 tests) ===
   Compiling test(zkmine_2g_unittest) zkmine_2g v0.1.0 (/home/cactussediento/Proyectos/zkminestark/contracts/zkmine_2g/Scarb.toml)
warn: Unused import: `zkmine_2g::cell::u512_mul_small`
 --> /home/cactussediento/Proyectos/zkminestark/contracts/zkmine_2g/src/cell.cairo:20:42
use zkmine_2g::bigint::{binom, u512_add, u512_mul_small, u512_mul_u256, u512_zero, u512_from_u32};
                                         ^^^^^^^^^^^^^^

warn: Unused import: `zkmine_2g::cell::u512_from_u32`
 --> /home/cactussediento/Proyectos/zkminestark/contracts/zkmine_2g/src/cell.cairo:20:84
use zkmine_2g::bigint::{binom, u512_add, u512_mul_small, u512_mul_u256, u512_zero, u512_from_u32};
                                                                                   ^^^^^^^^^^^^^

    Finished `dev` profile target(s) in 31 seconds


Collected 162 test(s) from zkmine_2g package
Running 162 test(s) from src/
[PASS] zkmine_2g::tests::test_ve_phase8_s2::p8_f12_s001 (l1_gas: ~0, l1_data_gas: ~0, l2_gas: ~341507465)
[PASS] zkmine_2g::tests::test_ve_phase8_s2::p8_f13_s004 (l1_gas: ~0, l1_data_gas: ~0, l2_gas: ~1083908833)
[PASS] zkmine_2g::tests::test_ve_phase8_s2::p8_f13_s005 (l1_gas: ~0, l1_data_gas: ~0, l2_gas: ~1131196752)
[PASS] zkmine_2g::tests::test_ve_phase8_s2::p8_f13_s006 (l1_gas: ~0, l1_data_gas: ~0, l2_gas: ~1154788938)
[PASS] zkmine_2g::tests::test_ve_phase8_s2::p8_f13_s007 (l1_gas: ~0, l1_data_gas: ~0, l2_gas: ~1160143295)
[PASS] zkmine_2g::tests::test_ve_phase8_s2::p8_f13_s009 (l1_gas: ~0, l1_data_gas: ~0, l2_gas: ~1104730753)
[PASS] zkmine_2g::tests::test_ve_phase8_s2::p8_f13_s008 (l1_gas: ~0, l1_data_gas: ~0, l2_gas: ~1232569932)
[PASS] zkmine_2g::tests::test_ve_phase8_s2::p8_f13_s010 (l1_gas: ~0, l1_data_gas: ~0, l2_gas: ~1105550701)
[PASS] zkmine_2g::tests::test_ve_phase8_s2::p8_f13_s011 (l1_gas: ~0, l1_data_gas: ~0, l2_gas: ~1152025298)
[PASS] zkmine_2g::tests::test_ve_phase8_s2::p8_f14_s002 (l1_gas: ~0, l1_data_gas: ~0, l2_gas: ~1256418608)
[PASS] zkmine_2g::tests::test_ve_phase8_s2::p8_f14_s001 (l1_gas: ~0, l1_data_gas: ~0, l2_gas: ~1264063373)
[PASS] zkmine_2g::tests::test_ve_phase8_s2::p8_f14_s003 (l1_gas: ~0, l1_data_gas: ~0, l2_gas: ~1290995767)
[PASS] zkmine_2g::tests::test_ve_phase8_s2::p8_f14_s004 (l1_gas: ~0, l1_data_gas: ~0, l2_gas: ~1239893724)
[PASS] zkmine_2g::tests::test_ve_phase8_s2::p8_f14_s005 (l1_gas: ~0, l1_data_gas: ~0, l2_gas: ~1300834958)
[PASS] zkmine_2g::tests::test_ve_phase8_s2::p8_f14_s006 (l1_gas: ~0, l1_data_gas: ~0, l2_gas: ~1359382128)
[PASS] zkmine_2g::tests::test_ve_phase8_s2::p8_f14_s007 (l1_gas: ~0, l1_data_gas: ~0, l2_gas: ~1430253780)
[PASS] zkmine_2g::tests::test_ve_phase8_s2::p8_f14_s008 (l1_gas: ~0, l1_data_gas: ~0, l2_gas: ~1375611578)
[PASS] zkmine_2g::tests::test_ve_phase8_s2::p8_f14_s009 (l1_gas: ~0, l1_data_gas: ~0, l2_gas: ~1055639530)
=== END SHARD: benchmark_s2 (floods f12-f22, 161 tests) ===
=== SHARD: exact_s1 (floods f01-f11, 247 tests) ===
   Compiling test(zkmine_2g_unittest) zkmine_2g v0.1.0 (/home/cactussediento/Proyectos/zkminestark/contracts/zkmine_2g/Scarb.toml)
warn: Unused import: `zkmine_2g::cell::u512_mul_small`
 --> /home/cactussediento/Proyectos/zkminestark/contracts/zkmine_2g/src/cell.cairo:20:42
use zkmine_2g::bigint::{binom, u512_add, u512_mul_small, u512_mul_u256, u512_zero, u512_from_u32};
                                         ^^^^^^^^^^^^^^

warn: Unused import: `zkmine_2g::cell::u512_from_u32`
 --> /home/cactussediento/Proyectos/zkminestark/contracts/zkmine_2g/src/cell.cairo:20:84
use zkmine_2g::bigint::{binom, u512_add, u512_mul_small, u512_mul_u256, u512_zero, u512_from_u32};
                                                                                   ^^^^^^^^^^^^^

    Finished `dev` profile target(s) in 67 seconds


Collected 246 test(s) from zkmine_2g package
Running 246 test(s) from src/
[PASS] zkmine_2g::tests::test_ve_phase8_exact_s1::p8_exact_f01_s004 (l1_gas: ~0, l1_data_gas: ~0, l2_gas: ~238812346)
[PASS] zkmine_2g::tests::test_ve_phase8_exact_s1::p8_exact_f01_s003 (l1_gas: ~0, l1_data_gas: ~0, l2_gas: ~234685379)
[PASS] zkmine_2g::tests::test_ve_phase8_exact_s1::p8_exact_f01_s002 (l1_gas: ~0, l1_data_gas: ~0, l2_gas: ~273347924)
[PASS] zkmine_2g::tests::test_ve_phase8_exact_s1::p8_exact_f01_s001 (l1_gas: ~0, l1_data_gas: ~0, l2_gas: ~431002349)
[PASS] zkmine_2g::tests::test_ve_phase8_exact_s1::p8_exact_f01_s005 (l1_gas: ~0, l1_data_gas: ~0, l2_gas: ~230956258)
[PASS] zkmine_2g::tests::test_ve_phase8_exact_s1::p8_exact_f01_s006 (l1_gas: ~0, l1_data_gas: ~0, l2_gas: ~234468407)
[PASS] zkmine_2g::tests::test_ve_phase8_exact_s1::p8_exact_f01_s035 (l1_gas: ~0, l1_data_gas: ~0, l2_gas: ~286693346)
[PASS] zkmine_2g::tests::test_ve_phase8_exact_s1::p8_exact_f01_s014 (l1_gas: ~0, l1_data_gas: ~0, l2_gas: ~175785561)
[PASS] zkmine_2g::tests::test_ve_phase8_exact_s1::p8_exact_f01_s036 (l1_gas: ~0, l1_data_gas: ~0, l2_gas: ~259615426)
[PASS] zkmine_2g::tests::test_ve_phase8_exact_s1::p8_exact_f01_s037 (l1_gas: ~0, l1_data_gas: ~0, l2_gas: ~261949490)
[PASS] zkmine_2g::tests::test_ve_phase8_exact_s1::p8_exact_f01_s015 (l1_gas: ~0, l1_data_gas: ~0, l2_gas: ~334228090)
[PASS] zkmine_2g::tests::test_ve_phase8_exact_s1::p8_exact_f02_s001 (l1_gas: ~0, l1_data_gas: ~0, l2_gas: ~93368820)
[PASS] zkmine_2g::tests::test_ve_phase8_exact_s1::p8_exact_f01_s016 (l1_gas: ~0, l1_data_gas: ~0, l2_gas: ~369684714)
[PASS] zkmine_2g::tests::test_ve_phase8_exact_s1::p8_exact_f01_s038 (l1_gas: ~0, l1_data_gas: ~0, l2_gas: ~265754426)
[PASS] zkmine_2g::tests::test_ve_phase8_exact_s1::p8_exact_f02_s002 (l1_gas: ~0, l1_data_gas: ~0, l2_gas: ~87063549)
[PASS] zkmine_2g::tests::test_ve_phase8_exact_s1::p8_exact_f02_s003 (l1_gas: ~0, l1_data_gas: ~0, l2_gas: ~106070637)
[PASS] zkmine_2g::tests::test_ve_phase8_exact_s1::p8_exact_f01_s017 (l1_gas: ~0, l1_data_gas: ~0, l2_gas: ~237435814)
[PASS] zkmine_2g::tests::test_ve_phase8_exact_s1::p8_exact_f01_s019 (l1_gas: ~0, l1_data_gas: ~0, l2_gas: ~240769048)
[PASS] zkmine_2g::tests::test_ve_phase8_exact_s1::p8_exact_f01_s018 (l1_gas: ~0, l1_data_gas: ~0, l2_gas: ~239094311)
[PASS] zkmine_2g::tests::test_ve_phase8_exact_s1::p8_exact_f02_s004 (l1_gas: ~0, l1_data_gas: ~0, l2_gas: ~130073783)
[PASS] zkmine_2g::tests::test_ve_phase8_exact_s1::p8_exact_f02_s006 (l1_gas: ~0, l1_data_gas: ~0, l2_gas: ~136907515)
[PASS] zkmine_2g::tests::test_ve_phase8_exact_s1::p8_exact_f02_s005 (l1_gas: ~0, l1_data_gas: ~0, l2_gas: ~149857351)
[PASS] zkmine_2g::tests::test_ve_phase8_exact_s1::p8_exact_f02_s007 (l1_gas: ~0, l1_data_gas: ~0, l2_gas: ~135311998)
[PASS] zkmine_2g::tests::test_ve_phase8_exact_s1::p8_exact_f02_s008 (l1_gas: ~0, l1_data_gas: ~0, l2_gas: ~155446279)
[PASS] zkmine_2g::tests::test_ve_phase8_exact_s1::p8_exact_f02_s009 (l1_gas: ~0, l1_data_gas: ~0, l2_gas: ~143031491)
[PASS] zkmine_2g::tests::test_ve_phase8_exact_s1::p8_exact_f02_s010 (l1_gas: ~0, l1_data_gas: ~0, l2_gas: ~103038692)
[PASS] zkmine_2g::tests::test_ve_phase8_exact_s1::p8_exact_f01_s023 (l1_gas: ~0, l1_data_gas: ~0, l2_gas: ~234523214)
[PASS] zkmine_2g::tests::test_ve_phase8_exact_s1::p8_exact_f03_s001 (l1_gas: ~0, l1_data_gas: ~0, l2_gas: ~277216849)
[PASS] zkmine_2g::tests::test_ve_phase8_exact_s1::p8_exact_f03_s002 (l1_gas: ~0, l1_data_gas: ~0, l2_gas: ~242406949)
[PASS] zkmine_2g::tests::test_ve_phase8_exact_s1::p8_exact_f01_s024 (l1_gas: ~0, l1_data_gas: ~0, l2_gas: ~271042101)
[PASS] zkmine_2g::tests::test_ve_phase8_exact_s1::p8_exact_f03_s003 (l1_gas: ~0, l1_data_gas: ~0, l2_gas: ~265496414)
[PASS] zkmine_2g::tests::test_ve_phase8_exact_s1::p8_exact_f03_s004 (l1_gas: ~0, l1_data_gas: ~0, l2_gas: ~293643296)
[PASS] zkmine_2g::tests::test_ve_phase8_exact_s1::p8_exact_f01_s025 (l1_gas: ~0, l1_data_gas: ~0, l2_gas: ~469074169)
[PASS] zkmine_2g::tests::test_ve_phase8_exact_s1::p8_exact_f01_s026 (l1_gas: ~0, l1_data_gas: ~0, l2_gas: ~571120823)
[PASS] zkmine_2g::tests::test_ve_phase8_exact_s1::p8_exact_f03_s005 (l1_gas: ~0, l1_data_gas: ~0, l2_gas: ~306618700)
[PASS] zkmine_2g::tests::test_ve_phase8_exact_s1::p8_exact_f03_s006 (l1_gas: ~0, l1_data_gas: ~0, l2_gas: ~287668913)
[PASS] zkmine_2g::tests::test_ve_phase8_exact_s1::p8_exact_f03_s007 (l1_gas: ~0, l1_data_gas: ~0, l2_gas: ~333646107)
[PASS] zkmine_2g::tests::test_ve_phase8_exact_s1::p8_exact_f04_s001 (l1_gas: ~0, l1_data_gas: ~0, l2_gas: ~13726630)
[PASS] zkmine_2g::tests::test_ve_phase8_exact_s1::p8_exact_f04_s002 (l1_gas: ~0, l1_data_gas: ~0, l2_gas: ~14023587)
[PASS] zkmine_2g::tests::test_ve_phase8_exact_s1::p8_exact_f03_s008 (l1_gas: ~0, l1_data_gas: ~0, l2_gas: ~311269091)
[PASS] zkmine_2g::tests::test_ve_phase8_exact_s1::p8_exact_f04_s003 (l1_gas: ~0, l1_data_gas: ~0, l2_gas: ~9768194)
[PASS] zkmine_2g::tests::test_ve_phase8_exact_s1::p8_exact_f04_s004 (l1_gas: ~0, l1_data_gas: ~0, l2_gas: ~13772379)
[PASS] zkmine_2g::tests::test_ve_phase8_exact_s1::p8_exact_f03_s009 (l1_gas: ~0, l1_data_gas: ~0, l2_gas: ~352211856)
[PASS] zkmine_2g::tests::test_ve_phase8_exact_s1::p8_exact_f04_s006 (l1_gas: ~0, l1_data_gas: ~0, l2_gas: ~15238154)
[PASS] zkmine_2g::tests::test_ve_phase8_exact_s1::p8_exact_f04_s005 (l1_gas: ~0, l1_data_gas: ~0, l2_gas: ~9551166)
[PASS] zkmine_2g::tests::test_ve_phase8_exact_s1::p8_exact_f04_s007 (l1_gas: ~0, l1_data_gas: ~0, l2_gas: ~11061233)
[PASS] zkmine_2g::tests::test_ve_phase8_exact_s1::p8_exact_f03_s010 (l1_gas: ~0, l1_data_gas: ~0, l2_gas: ~399157188)
[PASS] zkmine_2g::tests::test_ve_phase8_exact_s1::p8_exact_f04_s008 (l1_gas: ~0, l1_data_gas: ~0, l2_gas: ~16014699)
[PASS] zkmine_2g::tests::test_ve_phase8_exact_s1::p8_exact_f04_s009 (l1_gas: ~0, l1_data_gas: ~0, l2_gas: ~12366853)
[PASS] zkmine_2g::tests::test_ve_phase8_exact_s1::p8_exact_f01_s020 (l1_gas: ~0, l1_data_gas: ~0, l2_gas: ~244969025)
[PASS] zkmine_2g::tests::test_ve_phase8_exact_s1::p8_exact_f05_s001 (l1_gas: ~0, l1_data_gas: ~0, l2_gas: ~138803223)
[PASS] zkmine_2g::tests::test_ve_phase8_exact_s1::p8_exact_f01_s021 (l1_gas: ~0, l1_data_gas: ~0, l2_gas: ~245720873)
[PASS] zkmine_2g::tests::test_ve_phase8_exact_s1::p8_exact_f01_s022 (l1_gas: ~0, l1_data_gas: ~0, l2_gas: ~233912558)
[PASS] zkmine_2g::tests::test_ve_phase8_exact_s1::p8_exact_f05_s002 (l1_gas: ~0, l1_data_gas: ~0, l2_gas: ~143376810)
[PASS] zkmine_2g::tests::test_ve_phase8_exact_s1::p8_exact_f06_s005 (l1_gas: ~0, l1_data_gas: ~0, l2_gas: ~128194948)
[PASS] zkmine_2g::tests::test_ve_phase8_exact_s1::p8_exact_f06_s006 (l1_gas: ~0, l1_data_gas: ~0, l2_gas: ~124640777)
[PASS] zkmine_2g::tests::test_ve_phase8_exact_s1::p8_exact_f05_s003 (l1_gas: ~0, l1_data_gas: ~0, l2_gas: ~165795362)
[PASS] zkmine_2g::tests::test_ve_phase8_exact_s1::p8_exact_f05_s004 (l1_gas: ~0, l1_data_gas: ~0, l2_gas: ~145022246)
[PASS] zkmine_2g::tests::test_ve_phase8_exact_s1::p8_exact_f06_s007 (l1_gas: ~0, l1_data_gas: ~0, l2_gas: ~150033342)
[PASS] zkmine_2g::tests::test_ve_phase8_exact_s1::p8_exact_f05_s006 (l1_gas: ~0, l1_data_gas: ~0, l2_gas: ~141946113)
[PASS] zkmine_2g::tests::test_ve_phase8_exact_s1::p8_exact_f05_s005 (l1_gas: ~0, l1_data_gas: ~0, l2_gas: ~150928407)
[PASS] zkmine_2g::tests::test_ve_phase8_exact_s1::p8_exact_f06_s008 (l1_gas: ~0, l1_data_gas: ~0, l2_gas: ~131417932)
[PASS] zkmine_2g::tests::test_ve_phase8_exact_s1::p8_exact_f06_s009 (l1_gas: ~0, l1_data_gas: ~0, l2_gas: ~132486612)
[PASS] zkmine_2g::tests::test_ve_phase8_exact_s1::p8_exact_f06_s010 (l1_gas: ~0, l1_data_gas: ~0, l2_gas: ~133500223)
[PASS] zkmine_2g::tests::test_ve_phase8_exact_s1::p8_exact_f05_s007 (l1_gas: ~0, l1_data_gas: ~0, l2_gas: ~155150312)
[PASS] zkmine_2g::tests::test_ve_phase8_exact_s1::p8_exact_f05_s008 (l1_gas: ~0, l1_data_gas: ~0, l2_gas: ~158978432)
[PASS] zkmine_2g::tests::test_ve_phase8_exact_s1::p8_exact_f05_s009 (l1_gas: ~0, l1_data_gas: ~0, l2_gas: ~149700556)
[PASS] zkmine_2g::tests::test_ve_phase8_exact_s1::p8_exact_f05_s010 (l1_gas: ~0, l1_data_gas: ~0, l2_gas: ~123286046)
[PASS] zkmine_2g::tests::test_ve_phase8_exact_s1::p8_exact_f05_s012 (l1_gas: ~0, l1_data_gas: ~0, l2_gas: ~119409894)
[PASS] zkmine_2g::tests::test_ve_phase8_exact_s1::p8_exact_f05_s011 (l1_gas: ~0, l1_data_gas: ~0, l2_gas: ~124751198)
[PASS] zkmine_2g::tests::test_ve_phase8_exact_s1::p8_exact_f05_s013 (l1_gas: ~0, l1_data_gas: ~0, l2_gas: ~127947680)
[PASS] zkmine_2g::tests::test_ve_phase8_exact_s1::p8_exact_f05_s014 (l1_gas: ~0, l1_data_gas: ~0, l2_gas: ~127031207)
[PASS] zkmine_2g::tests::test_ve_phase8_exact_s1::p8_exact_f05_s015 (l1_gas: ~0, l1_data_gas: ~0, l2_gas: ~126857688)
[PASS] zkmine_2g::tests::test_ve_phase8_exact_s1::p8_exact_f01_s028 (l1_gas: ~0, l1_data_gas: ~0, l2_gas: ~248719686)
[PASS] zkmine_2g::tests::test_ve_phase8_exact_s1::p8_exact_f01_s027 (l1_gas: ~0, l1_data_gas: ~0, l2_gas: ~471686936)
[PASS] zkmine_2g::tests::test_ve_phase8_exact_s1::p8_exact_f05_s016 (l1_gas: ~0, l1_data_gas: ~0, l2_gas: ~133913517)
[PASS] zkmine_2g::tests::test_ve_phase8_exact_s1::p8_exact_f01_s029 (l1_gas: ~0, l1_data_gas: ~0, l2_gas: ~250491363)
[PASS] zkmine_2g::tests::test_ve_phase8_exact_s1::p8_exact_f01_s030 (l1_gas: ~0, l1_data_gas: ~0, l2_gas: ~254606744)
[PASS] zkmine_2g::tests::test_ve_phase8_exact_s1::p8_exact_f05_s017 (l1_gas: ~0, l1_data_gas: ~0, l2_gas: ~143961541)
[PASS] zkmine_2g::tests::test_ve_phase8_exact_s1::p8_exact_f06_s001 (l1_gas: ~0, l1_data_gas: ~0, l2_gas: ~159919449)
[PASS] zkmine_2g::tests::test_ve_phase8_exact_s1::p8_exact_f01_s031 (l1_gas: ~0, l1_data_gas: ~0, l2_gas: ~256181741)
[PASS] zkmine_2g::tests::test_ve_phase8_exact_s1::p8_exact_f01_s032 (l1_gas: ~0, l1_data_gas: ~0, l2_gas: ~246600693)
[PASS] zkmine_2g::tests::test_ve_phase8_exact_s1::p8_exact_f06_s002 (l1_gas: ~0, l1_data_gas: ~0, l2_gas: ~163546976)
[PASS] zkmine_2g::tests::test_ve_phase8_exact_s1::p8_exact_f01_s033 (l1_gas: ~0, l1_data_gas: ~0, l2_gas: ~423618530)
[PASS] zkmine_2g::tests::test_ve_phase8_exact_s1::p8_exact_f06_s003 (l1_gas: ~0, l1_data_gas: ~0, l2_gas: ~158218927)
[PASS] zkmine_2g::tests::test_ve_phase8_exact_s1::p8_exact_f01_s034 (l1_gas: ~0, l1_data_gas: ~0, l2_gas: ~422216405)
[PASS] zkmine_2g::tests::test_ve_phase8_exact_s1::p8_exact_f07_s029 (l1_gas: ~0, l1_data_gas: ~0, l2_gas: ~563936150)
[PASS] zkmine_2g::tests::test_ve_phase8_exact_s1::p8_exact_f07_s031 (l1_gas: ~0, l1_data_gas: ~0, l2_gas: ~526180558)
[PASS] zkmine_2g::tests::test_ve_phase8_exact_s1::p8_exact_f07_s030 (l1_gas: ~0, l1_data_gas: ~0, l2_gas: ~574156182)
[PASS] zkmine_2g::tests::test_ve_phase8_exact_s1::p8_exact_f07_s032 (l1_gas: ~0, l1_data_gas: ~0, l2_gas: ~503517785)
[PASS] zkmine_2g::tests::test_ve_phase8_exact_s1::p8_exact_f07_s033 (l1_gas: ~0, l1_data_gas: ~0, l2_gas: ~556693823)
[PASS] zkmine_2g::tests::test_ve_phase8_exact_s1::p8_exact_f07_s035 (l1_gas: ~0, l1_data_gas: ~0, l2_gas: ~483457094)
[PASS] zkmine_2g::tests::test_ve_phase8_exact_s1::p8_exact_f07_s034 (l1_gas: ~0, l1_data_gas: ~0, l2_gas: ~477383649)
[PASS] zkmine_2g::tests::test_ve_phase8_exact_s1::p8_exact_f07_s036 (l1_gas: ~0, l1_data_gas: ~0, l2_gas: ~483672132)
[PASS] zkmine_2g::tests::test_ve_phase8_exact_s1::p8_exact_f08_s002 (l1_gas: ~0, l1_data_gas: ~0, l2_gas: ~858757921)
[PASS] zkmine_2g::tests::test_ve_phase8_exact_s1::p8_exact_f08_s004 (l1_gas: ~0, l1_data_gas: ~0, l2_gas: ~840355873)
[PASS] zkmine_2g::tests::test_ve_phase8_exact_s1::p8_exact_f08_s001 (l1_gas: ~0, l1_data_gas: ~0, l2_gas: ~908806756)
[PASS] zkmine_2g::tests::test_ve_phase8_exact_s1::p8_exact_f08_s003 (l1_gas: ~0, l1_data_gas: ~0, l2_gas: ~1104182093)
[PASS] zkmine_2g::tests::test_ve_phase8_exact_s1::p8_exact_f08_s007 (l1_gas: ~0, l1_data_gas: ~0, l2_gas: ~756889389)
[PASS] zkmine_2g::tests::test_ve_phase8_exact_s1::p8_exact_f08_s006 (l1_gas: ~0, l1_data_gas: ~0, l2_gas: ~740732220)
[PASS] zkmine_2g::tests::test_ve_phase8_exact_s1::p8_exact_f08_s005 (l1_gas: ~0, l1_data_gas: ~0, l2_gas: ~867301213)
[PASS] zkmine_2g::tests::test_ve_phase8_exact_s1::p8_exact_f08_s008 (l1_gas: ~0, l1_data_gas: ~0, l2_gas: ~813623835)
[PASS] zkmine_2g::tests::test_ve_phase8_exact_s1::p8_exact_f08_s009 (l1_gas: ~0, l1_data_gas: ~0, l2_gas: ~678231317)
[PASS] zkmine_2g::tests::test_ve_phase8_exact_s1::p8_exact_f08_s010 (l1_gas: ~0, l1_data_gas: ~0, l2_gas: ~700998350)
[PASS] zkmine_2g::tests::test_ve_phase8_exact_s1::p8_exact_f08_s011 (l1_gas: ~0, l1_data_gas: ~0, l2_gas: ~679629544)
[PASS] zkmine_2g::tests::test_ve_phase8_exact_s1::p8_exact_f08_s012 (l1_gas: ~0, l1_data_gas: ~0, l2_gas: ~754799482)
[PASS] zkmine_2g::tests::test_ve_phase8_exact_s1::p8_exact_f08_s015 (l1_gas: ~0, l1_data_gas: ~0, l2_gas: ~713327873)
[PASS] zkmine_2g::tests::test_ve_phase8_exact_s1::p8_exact_f08_s013 (l1_gas: ~0, l1_data_gas: ~0, l2_gas: ~709659225)
[PASS] zkmine_2g::tests::test_ve_phase8_exact_s1::p8_exact_f08_s014 (l1_gas: ~0, l1_data_gas: ~0, l2_gas: ~711719896)
[PASS] zkmine_2g::tests::test_ve_phase8_exact_s1::p8_exact_f08_s016 (l1_gas: ~0, l1_data_gas: ~0, l2_gas: ~716025120)
[PASS] zkmine_2g::tests::test_ve_phase8_exact_s1::p8_exact_f08_s017 (l1_gas: ~0, l1_data_gas: ~0, l2_gas: ~705556815)
[PASS] zkmine_2g::tests::test_ve_phase8_exact_s1::p8_exact_f08_s019 (l1_gas: ~0, l1_data_gas: ~0, l2_gas: ~773783571)
[PASS] zkmine_2g::tests::test_ve_phase8_exact_s1::p8_exact_f08_s018 (l1_gas: ~0, l1_data_gas: ~0, l2_gas: ~756680401)
[PASS] zkmine_2g::tests::test_ve_phase8_exact_s1::p8_exact_f08_s020 (l1_gas: ~0, l1_data_gas: ~0, l2_gas: ~717940517)
[PASS] zkmine_2g::tests::test_ve_phase8_exact_s1::p8_exact_f08_s021 (l1_gas: ~0, l1_data_gas: ~0, l2_gas: ~759599386)
[PASS] zkmine_2g::tests::test_ve_phase8_exact_s1::p8_exact_f08_s022 (l1_gas: ~0, l1_data_gas: ~0, l2_gas: ~761340199)
[PASS] zkmine_2g::tests::test_ve_phase8_exact_s1::p8_exact_f08_s023 (l1_gas: ~0, l1_data_gas: ~0, l2_gas: ~753986686)
[PASS] zkmine_2g::tests::test_ve_phase8_exact_s1::p8_exact_f08_s024 (l1_gas: ~0, l1_data_gas: ~0, l2_gas: ~741309547)
[PASS] zkmine_2g::tests::test_ve_phase8_exact_s1::p8_exact_f08_s026 (l1_gas: ~0, l1_data_gas: ~0, l2_gas: ~700441712)
[PASS] zkmine_2g::tests::test_ve_phase8_exact_s1::p8_exact_f08_s025 (l1_gas: ~0, l1_data_gas: ~0, l2_gas: ~766395676)
[PASS] zkmine_2g::tests::test_ve_phase8_exact_s1::p8_exact_f08_s027 (l1_gas: ~0, l1_data_gas: ~0, l2_gas: ~726057259)
[PASS] zkmine_2g::tests::test_ve_phase8_exact_s1::p8_exact_f08_s028 (l1_gas: ~0, l1_data_gas: ~0, l2_gas: ~719845308)
[PASS] zkmine_2g::tests::test_ve_phase8_exact_s1::p8_exact_f08_s029 (l1_gas: ~0, l1_data_gas: ~0, l2_gas: ~764559253)
[PASS] zkmine_2g::tests::test_ve_phase8_exact_s1::p8_exact_f08_s032 (l1_gas: ~0, l1_data_gas: ~0, l2_gas: ~750930146)
[PASS] zkmine_2g::tests::test_ve_phase8_exact_s1::p8_exact_f08_s031 (l1_gas: ~0, l1_data_gas: ~0, l2_gas: ~910817494)
[PASS] zkmine_2g::tests::test_ve_phase8_exact_s1::p8_exact_f08_s030 (l1_gas: ~0, l1_data_gas: ~0, l2_gas: ~1060109479)
[PASS] zkmine_2g::tests::test_ve_phase8_exact_s1::p8_exact_f08_s033 (l1_gas: ~0, l1_data_gas: ~0, l2_gas: ~761557473)
[PASS] zkmine_2g::tests::test_ve_phase8_exact_s1::p8_exact_f08_s034 (l1_gas: ~0, l1_data_gas: ~0, l2_gas: ~681190544)
[PASS] zkmine_2g::tests::test_ve_phase8_exact_s1::p8_exact_f08_s035 (l1_gas: ~0, l1_data_gas: ~0, l2_gas: ~742845039)
[PASS] zkmine_2g::tests::test_ve_phase8_exact_s1::p8_exact_f08_s036 (l1_gas: ~0, l1_data_gas: ~0, l2_gas: ~797227421)
[PASS] zkmine_2g::tests::test_ve_phase8_exact_s1::p8_exact_f09_s006 (l1_gas: ~0, l1_data_gas: ~0, l2_gas: ~29199989)
[PASS] zkmine_2g::tests::test_ve_phase8_exact_s1::p8_exact_f06_s004 (l1_gas: ~0, l1_data_gas: ~0, l2_gas: ~158837861)
[PASS] zkmine_2g::tests::test_ve_phase8_exact_s1::p8_exact_f09_s007 (l1_gas: ~0, l1_data_gas: ~0, l2_gas: ~16096866)
[PASS] zkmine_2g::tests::test_ve_phase8_exact_s1::p8_exact_f09_s008 (l1_gas: ~0, l1_data_gas: ~0, l2_gas: ~16467072)
[PASS] zkmine_2g::tests::test_ve_phase8_exact_s1::p8_exact_f09_s009 (l1_gas: ~0, l1_data_gas: ~0, l2_gas: ~12230719)
[PASS] zkmine_2g::tests::test_ve_phase8_exact_s1::p8_exact_f08_s037 (l1_gas: ~0, l1_data_gas: ~0, l2_gas: ~926056665)
[PASS] zkmine_2g::tests::test_ve_phase8_exact_s1::p8_exact_f10_s001 (l1_gas: ~0, l1_data_gas: ~0, l2_gas: ~33208066)
[PASS] zkmine_2g::tests::test_ve_phase8_exact_s1::p8_exact_f10_s015 (l1_gas: ~0, l1_data_gas: ~0, l2_gas: ~21619400)
[PASS] zkmine_2g::tests::test_ve_phase8_exact_s1::p8_exact_f10_s002 (l1_gas: ~0, l1_data_gas: ~0, l2_gas: ~18148675)
[PASS] zkmine_2g::tests::test_ve_phase8_exact_s1::p8_exact_f08_s038 (l1_gas: ~0, l1_data_gas: ~0, l2_gas: ~983867148)
[PASS] zkmine_2g::tests::test_ve_phase8_exact_s1::p8_exact_f08_s039 (l1_gas: ~0, l1_data_gas: ~0, l2_gas: ~820835235)
[PASS] zkmine_2g::tests::test_ve_phase8_exact_s1::p8_exact_f10_s003 (l1_gas: ~0, l1_data_gas: ~0, l2_gas: ~18608339)
[PASS] zkmine_2g::tests::test_ve_phase8_exact_s1::p8_exact_f10_s005 (l1_gas: ~0, l1_data_gas: ~0, l2_gas: ~17865819)
[PASS] zkmine_2g::tests::test_ve_phase8_exact_s1::p8_exact_f10_s016 (l1_gas: ~0, l1_data_gas: ~0, l2_gas: ~33029834)
[PASS] zkmine_2g::tests::test_ve_phase8_exact_s1::p8_exact_f09_s001 (l1_gas: ~0, l1_data_gas: ~0, l2_gas: ~13726630)
[PASS] zkmine_2g::tests::test_ve_phase8_exact_s1::p8_exact_f10_s004 (l1_gas: ~0, l1_data_gas: ~0, l2_gas: ~24654015)
[PASS] zkmine_2g::tests::test_ve_phase8_exact_s1::p8_exact_f10_s006 (l1_gas: ~0, l1_data_gas: ~0, l2_gas: ~26114920)
[PASS] zkmine_2g::tests::test_ve_phase8_exact_s1::p8_exact_f09_s002 (l1_gas: ~0, l1_data_gas: ~0, l2_gas: ~13955159)
[PASS] zkmine_2g::tests::test_ve_phase8_exact_s1::p8_exact_f10_s007 (l1_gas: ~0, l1_data_gas: ~0, l2_gas: ~14566733)
[PASS] zkmine_2g::tests::test_ve_phase8_exact_s1::p8_exact_f10_s017 (l1_gas: ~0, l1_data_gas: ~0, l2_gas: ~21956801)
[PASS] zkmine_2g::tests::test_ve_phase8_exact_s1::p8_exact_f09_s003 (l1_gas: ~0, l1_data_gas: ~0, l2_gas: ~9755256)
[PASS] zkmine_2g::tests::test_ve_phase8_exact_s1::p8_exact_f09_s004 (l1_gas: ~0, l1_data_gas: ~0, l2_gas: ~14756950)
[PASS] zkmine_2g::tests::test_ve_phase8_exact_s1::p8_exact_f10_s008 (l1_gas: ~0, l1_data_gas: ~0, l2_gas: ~25256826)
[PASS] zkmine_2g::tests::test_ve_phase8_exact_s1::p8_exact_f09_s005 (l1_gas: ~0, l1_data_gas: ~0, l2_gas: ~19750983)
[PASS] zkmine_2g::tests::test_ve_phase8_exact_s1::p8_exact_f10_s009 (l1_gas: ~0, l1_data_gas: ~0, l2_gas: ~20567335)
[PASS] zkmine_2g::tests::test_ve_phase8_exact_s1::p8_exact_f10_s010 (l1_gas: ~0, l1_data_gas: ~0, l2_gas: ~29674937)
[PASS] zkmine_2g::tests::test_ve_phase8_exact_s1::p8_exact_f10_s011 (l1_gas: ~0, l1_data_gas: ~0, l2_gas: ~25653002)
[PASS] zkmine_2g::tests::test_ve_phase8_exact_s1::p8_exact_f10_s018 (l1_gas: ~0, l1_data_gas: ~0, l2_gas: ~33658819)
[PASS] zkmine_2g::tests::test_ve_phase8_exact_s1::p8_exact_f10_s012 (l1_gas: ~0, l1_data_gas: ~0, l2_gas: ~30488344)
[PASS] zkmine_2g::tests::test_ve_phase8_exact_s1::p8_exact_f10_s019 (l1_gas: ~0, l1_data_gas: ~0, l2_gas: ~22557314)
[PASS] zkmine_2g::tests::test_ve_phase8_exact_s1::p8_exact_f10_s013 (l1_gas: ~0, l1_data_gas: ~0, l2_gas: ~25525189)
[PASS] zkmine_2g::tests::test_ve_phase8_exact_s1::p8_exact_f10_s020 (l1_gas: ~0, l1_data_gas: ~0, l2_gas: ~39319363)
[PASS] zkmine_2g::tests::test_ve_phase8_exact_s1::p8_exact_f10_s014 (l1_gas: ~0, l1_data_gas: ~0, l2_gas: ~31655189)
[PASS] zkmine_2g::tests::test_ve_phase8_exact_s1::p8_exact_f11_s002 (l1_gas: ~0, l1_data_gas: ~0, l2_gas: ~48322598)
[PASS] zkmine_2g::tests::test_ve_phase8_exact_s1::p8_exact_f10_s021 (l1_gas: ~0, l1_data_gas: ~0, l2_gas: ~43236592)
[PASS] zkmine_2g::tests::test_ve_phase8_exact_s1::p8_exact_f10_s022 (l1_gas: ~0, l1_data_gas: ~0, l2_gas: ~42123754)
[PASS] zkmine_2g::tests::test_ve_phase8_exact_s1::p8_exact_f10_s023 (l1_gas: ~0, l1_data_gas: ~0, l2_gas: ~37928621)
[PASS] zkmine_2g::tests::test_ve_phase8_exact_s1::p8_exact_f11_s003 (l1_gas: ~0, l1_data_gas: ~0, l2_gas: ~56511398)
[PASS] zkmine_2g::tests::test_ve_phase8_exact_s1::p8_exact_f11_s004 (l1_gas: ~0, l1_data_gas: ~0, l2_gas: ~46742466)
[PASS] zkmine_2g::tests::test_ve_phase8_exact_s1::p8_exact_f11_s005 (l1_gas: ~0, l1_data_gas: ~0, l2_gas: ~47146864)
[PASS] zkmine_2g::tests::test_ve_phase8_exact_s1::p8_exact_f10_s024 (l1_gas: ~0, l1_data_gas: ~0, l2_gas: ~35479887)
[PASS] zkmine_2g::tests::test_ve_phase8_exact_s1::p8_exact_f10_s025 (l1_gas: ~0, l1_data_gas: ~0, l2_gas: ~37527774)
[PASS] zkmine_2g::tests::test_ve_phase8_exact_s1::p8_exact_f08_s040 (l1_gas: ~0, l1_data_gas: ~0, l2_gas: ~773927377)
[PASS] zkmine_2g::tests::test_ve_phase8_exact_s1::p8_exact_f10_s026 (l1_gas: ~0, l1_data_gas: ~0, l2_gas: ~28342282)
[PASS] zkmine_2g::tests::test_ve_phase8_exact_s1::p8_exact_f11_s006 (l1_gas: ~0, l1_data_gas: ~0, l2_gas: ~62008841)
[PASS] zkmine_2g::tests::test_ve_phase8_exact_s1::p8_exact_f10_s027 (l1_gas: ~0, l1_data_gas: ~0, l2_gas: ~38393399)
[PASS] zkmine_2g::tests::test_ve_phase8_exact_s1::p8_exact_f11_s007 (l1_gas: ~0, l1_data_gas: ~0, l2_gas: ~57031190)
[PASS] zkmine_2g::tests::test_ve_phase8_exact_s1::p8_exact_f11_s008 (l1_gas: ~0, l1_data_gas: ~0, l2_gas: ~49708980)
[PASS] zkmine_2g::tests::test_ve_phase8_exact_s1::p8_exact_f10_s028 (l1_gas: ~0, l1_data_gas: ~0, l2_gas: ~34329485)
[PASS] zkmine_2g::tests::test_ve_phase8_exact_s1::p8_exact_f11_s009 (l1_gas: ~0, l1_data_gas: ~0, l2_gas: ~50344517)
[PASS] zkmine_2g::tests::test_ve_phase8_exact_s1::p8_exact_f11_s010 (l1_gas: ~0, l1_data_gas: ~0, l2_gas: ~58470968)
[PASS] zkmine_2g::tests::test_ve_phase8_exact_s1::p8_exact_f11_s001 (l1_gas: ~0, l1_data_gas: ~0, l2_gas: ~62008841)
[PASS] zkmine_2g::tests::test_ve_phase8_exact_s1::p8_exact_f11_s011 (l1_gas: ~0, l1_data_gas: ~0, l2_gas: ~61927362)
[PASS] zkmine_2g::tests::test_ve_phase8_exact_s1::p8_exact_f11_s012 (l1_gas: ~0, l1_data_gas: ~0, l2_gas: ~53894928)
[PASS] zkmine_2g::tests::test_ve_phase8_exact_s1::p8_exact_f11_s018 (l1_gas: ~0, l1_data_gas: ~0, l2_gas: ~56236947)
[PASS] zkmine_2g::tests::test_ve_phase8_exact_s1::p8_exact_f11_s013 (l1_gas: ~0, l1_data_gas: ~0, l2_gas: ~50969322)
[PASS] zkmine_2g::tests::test_ve_phase8_exact_s1::p8_exact_f11_s014 (l1_gas: ~0, l1_data_gas: ~0, l2_gas: ~51329997)
[PASS] zkmine_2g::tests::test_ve_phase8_exact_s1::p8_exact_f11_s019 (l1_gas: ~0, l1_data_gas: ~0, l2_gas: ~61343326)
[PASS] zkmine_2g::tests::test_ve_phase8_exact_s1::p8_exact_f11_s020 (l1_gas: ~0, l1_data_gas: ~0, l2_gas: ~61145093)
[PASS] zkmine_2g::tests::test_ve_phase8_exact_s1::p8_exact_f11_s021 (l1_gas: ~0, l1_data_gas: ~0, l2_gas: ~59705740)
[PASS] zkmine_2g::tests::test_ve_phase8_exact_s1::p8_exact_f11_s023 (l1_gas: ~0, l1_data_gas: ~0, l2_gas: ~57760488)
[PASS] zkmine_2g::tests::test_ve_phase8_exact_s1::p8_exact_f11_s022 (l1_gas: ~0, l1_data_gas: ~0, l2_gas: ~68241026)
[PASS] zkmine_2g::tests::test_ve_phase8_exact_s1::p8_exact_f11_s015 (l1_gas: ~0, l1_data_gas: ~0, l2_gas: ~54898211)
[PASS] zkmine_2g::tests::test_ve_phase8_exact_s1::p8_exact_f11_s016 (l1_gas: ~0, l1_data_gas: ~0, l2_gas: ~57065255)
[PASS] zkmine_2g::tests::test_ve_phase8_exact_s1::p8_exact_f11_s024 (l1_gas: ~0, l1_data_gas: ~0, l2_gas: ~58116413)
[PASS] zkmine_2g::tests::test_ve_phase8_exact_s1::p8_exact_f11_s025 (l1_gas: ~0, l1_data_gas: ~0, l2_gas: ~62940118)
[PASS] zkmine_2g::tests::test_ve_phase8_exact_s1::p8_exact_f11_s017 (l1_gas: ~0, l1_data_gas: ~0, l2_gas: ~63029876)
[PASS] zkmine_2g::tests::test_ve_phase8_exact_s1::p8_exact_f11_s028 (l1_gas: ~0, l1_data_gas: ~0, l2_gas: ~72200480)
[PASS] zkmine_2g::tests::test_ve_phase8_exact_s1::p8_exact_f11_s026 (l1_gas: ~0, l1_data_gas: ~0, l2_gas: ~65636261)
[PASS] zkmine_2g::tests::test_ve_phase8_exact_s1::p8_exact_f11_s027 (l1_gas: ~0, l1_data_gas: ~0, l2_gas: ~76958279)
[PASS] zkmine_2g::tests::test_ve_phase8_exact_s1::p8_exact_f11_s031 (l1_gas: ~0, l1_data_gas: ~0, l2_gas: ~57830144)
[PASS] zkmine_2g::tests::test_ve_phase8_exact_s1::p8_exact_f11_s029 (l1_gas: ~0, l1_data_gas: ~0, l2_gas: ~62591589)
[PASS] zkmine_2g::tests::test_ve_phase8_exact_s1::p8_exact_f11_s032 (l1_gas: ~0, l1_data_gas: ~0, l2_gas: ~60030327)
[PASS] zkmine_2g::tests::test_ve_phase8_exact_s1::p8_exact_f11_s030 (l1_gas: ~0, l1_data_gas: ~0, l2_gas: ~66802424)
[PASS] zkmine_2g::tests::test_ve_phase8_exact_s1::p8_exact_f11_s033 (l1_gas: ~0, l1_data_gas: ~0, l2_gas: ~60030327)
[PASS] zkmine_2g::tests::test_ve_phase8_exact_s1::p8_exact_f06_s012 (l1_gas: ~0, l1_data_gas: ~0, l2_gas: ~126008187)
[PASS] zkmine_2g::tests::test_ve_phase8_exact_s1::p8_exact_f01_s010 (l1_gas: ~0, l1_data_gas: ~0, l2_gas: ~183172459)
[PASS] zkmine_2g::tests::test_ve_phase8_exact_s1::p8_exact_f01_s008 (l1_gas: ~0, l1_data_gas: ~0, l2_gas: ~325805995)
[PASS] zkmine_2g::tests::test_ve_phase8_exact_s1::p8_exact_f06_s013 (l1_gas: ~0, l1_data_gas: ~0, l2_gas: ~133314551)
[PASS] zkmine_2g::tests::test_ve_phase8_exact_s1::p8_exact_f01_s009 (l1_gas: ~0, l1_data_gas: ~0, l2_gas: ~317969759)
[PASS] zkmine_2g::tests::test_ve_phase8_exact_s1::p8_exact_f07_s012 (l1_gas: ~0, l1_data_gas: ~0, l2_gas: ~570029175)
[PASS] zkmine_2g::tests::test_ve_phase8_exact_s1::p8_exact_f07_s005 (l1_gas: ~0, l1_data_gas: ~0, l2_gas: ~479297848)
[PASS] zkmine_2g::tests::test_ve_phase8_exact_s1::p8_exact_f06_s014 (l1_gas: ~0, l1_data_gas: ~0, l2_gas: ~128709526)
[PASS] zkmine_2g::tests::test_ve_phase8_exact_s1::p8_exact_f07_s006 (l1_gas: ~0, l1_data_gas: ~0, l2_gas: ~606196497)
[PASS] zkmine_2g::tests::test_ve_phase8_exact_s1::p8_exact_f07_s004 (l1_gas: ~0, l1_data_gas: ~0, l2_gas: ~503981104)
[PASS] zkmine_2g::tests::test_ve_phase8_exact_s1::p8_exact_f07_s007 (l1_gas: ~0, l1_data_gas: ~0, l2_gas: ~583306256)
[PASS] zkmine_2g::tests::test_ve_phase8_exact_s1::p8_exact_f06_s015 (l1_gas: ~0, l1_data_gas: ~0, l2_gas: ~129943976)
[PASS] zkmine_2g::tests::test_ve_phase8_exact_s1::p8_exact_f06_s016 (l1_gas: ~0, l1_data_gas: ~0, l2_gas: ~131586481)
[PASS] zkmine_2g::tests::test_ve_phase8_exact_s1::p8_exact_f07_s008 (l1_gas: ~0, l1_data_gas: ~0, l2_gas: ~518085828)
[PASS] zkmine_2g::tests::test_ve_phase8_exact_s1::p8_exact_f07_s009 (l1_gas: ~0, l1_data_gas: ~0, l2_gas: ~541969371)
[PASS] zkmine_2g::tests::test_ve_phase8_exact_s1::p8_exact_f07_s010 (l1_gas: ~0, l1_data_gas: ~0, l2_gas: ~504687503)
[PASS] zkmine_2g::tests::test_ve_phase8_exact_s1::p8_exact_f07_s001 (l1_gas: ~0, l1_data_gas: ~0, l2_gas: ~606629825)
[PASS] zkmine_2g::tests::test_ve_phase8_exact_s1::p8_exact_f07_s011 (l1_gas: ~0, l1_data_gas: ~0, l2_gas: ~504718764)
[PASS] zkmine_2g::tests::test_ve_phase8_exact_s1::p8_exact_f07_s003 (l1_gas: ~0, l1_data_gas: ~0, l2_gas: ~503906720)
[PASS] zkmine_2g::tests::test_ve_phase8_exact_s1::p8_exact_f07_s002 (l1_gas: ~0, l1_data_gas: ~0, l2_gas: ~477236942)
[PASS] zkmine_2g::tests::test_ve_phase8_exact_s1::p8_exact_f07_s020 (l1_gas: ~0, l1_data_gas: ~0, l2_gas: ~521051383)
[PASS] zkmine_2g::tests::test_ve_phase8_exact_s1::p8_exact_f07_s013 (l1_gas: ~0, l1_data_gas: ~0, l2_gas: ~517828090)
[PASS] zkmine_2g::tests::test_ve_phase8_exact_s1::p8_exact_f07_s016 (l1_gas: ~0, l1_data_gas: ~0, l2_gas: ~565033206)
[PASS] zkmine_2g::tests::test_ve_phase8_exact_s1::p8_exact_f07_s017 (l1_gas: ~0, l1_data_gas: ~0, l2_gas: ~513555938)
[PASS] zkmine_2g::tests::test_ve_phase8_exact_s1::p8_exact_f07_s014 (l1_gas: ~0, l1_data_gas: ~0, l2_gas: ~563294582)
[PASS] zkmine_2g::tests::test_ve_phase8_exact_s1::p8_exact_f07_s015 (l1_gas: ~0, l1_data_gas: ~0, l2_gas: ~483313332)
[PASS] zkmine_2g::tests::test_ve_phase8_exact_s1::p8_exact_f07_s018 (l1_gas: ~0, l1_data_gas: ~0, l2_gas: ~514397170)
[PASS] zkmine_2g::tests::test_ve_phase8_exact_s1::p8_exact_f07_s019 (l1_gas: ~0, l1_data_gas: ~0, l2_gas: ~563664247)
[PASS] zkmine_2g::tests::test_ve_phase8_exact_s1::p8_exact_f01_s012 (l1_gas: ~0, l1_data_gas: ~0, l2_gas: ~188383733)
[PASS] zkmine_2g::tests::test_ve_phase8_exact_s1::p8_exact_f01_s011 (l1_gas: ~0, l1_data_gas: ~0, l2_gas: ~184765776)
[PASS] zkmine_2g::tests::test_ve_phase8_exact_s1::p8_exact_f07_s021 (l1_gas: ~0, l1_data_gas: ~0, l2_gas: ~564911997)
[PASS] zkmine_2g::tests::test_ve_phase8_exact_s1::p8_exact_f07_s024 (l1_gas: ~0, l1_data_gas: ~0, l2_gas: ~578078381)
[PASS] zkmine_2g::tests::test_ve_phase8_exact_s1::p8_exact_f07_s022 (l1_gas: ~0, l1_data_gas: ~0, l2_gas: ~477640123)
[PASS] zkmine_2g::tests::test_ve_phase8_exact_s1::p8_exact_f01_s013 (l1_gas: ~0, l1_data_gas: ~0, l2_gas: ~189884105)
[PASS] zkmine_2g::tests::test_ve_phase8_exact_s1::p8_exact_f07_s023 (l1_gas: ~0, l1_data_gas: ~0, l2_gas: ~483651148)
[PASS] zkmine_2g::tests::test_ve_phase8_exact_s1::p8_exact_f07_s026 (l1_gas: ~0, l1_data_gas: ~0, l2_gas: ~491176924)
[PASS] zkmine_2g::tests::test_ve_phase8_exact_s1::p8_exact_f07_s025 (l1_gas: ~0, l1_data_gas: ~0, l2_gas: ~482532971)
[PASS] zkmine_2g::tests::test_ve_phase8_exact_s1::p8_exact_f06_s011 (l1_gas: ~0, l1_data_gas: ~0, l2_gas: ~121029367)
[PASS] zkmine_2g::tests::test_ve_phase8_exact_s1::p8_exact_f07_s028 (l1_gas: ~0, l1_data_gas: ~0, l2_gas: ~600068172)
[PASS] zkmine_2g::tests::test_ve_phase8_exact_s1::p8_exact_f01_s007 (l1_gas: ~0, l1_data_gas: ~0, l2_gas: ~228249132)
[PASS] zkmine_2g::tests::test_ve_phase8_exact_s1::p8_exact_f07_s027 (l1_gas: ~0, l1_data_gas: ~0, l2_gas: ~622538633)
Tests: 246 passed, 0 failed, 0 ignored, 0 filtered out

=== END SHARD: exact_s1 (floods f01-f11, 247 tests) ===
=== SHARD: exact_s2 (floods f12-f22, 161 tests) ===
   Compiling test(zkmine_2g_unittest) zkmine_2g v0.1.0 (/home/cactussediento/Proyectos/zkminestark/contracts/zkmine_2g/Scarb.toml)
warn: Unused import: `zkmine_2g::cell::u512_mul_small`
 --> /home/cactussediento/Proyectos/zkminestark/contracts/zkmine_2g/src/cell.cairo:20:42
use zkmine_2g::bigint::{binom, u512_add, u512_mul_small, u512_mul_u256, u512_zero, u512_from_u32};
                                         ^^^^^^^^^^^^^^

warn: Unused import: `zkmine_2g::cell::u512_from_u32`
 --> /home/cactussediento/Proyectos/zkminestark/contracts/zkmine_2g/src/cell.cairo:20:84
use zkmine_2g::bigint::{binom, u512_add, u512_mul_small, u512_mul_u256, u512_zero, u512_from_u32};
                                                                                   ^^^^^^^^^^^^^

    Finished `dev` profile target(s) in 46 seconds


Collected 162 test(s) from zkmine_2g package
Running 162 test(s) from src/
[PASS] zkmine_2g::tests::test_ve_phase8_exact_s2::p8_exact_f12_s003 (l1_gas: ~0, l1_data_gas: ~0, l2_gas: ~342916933)
[PASS] zkmine_2g::tests::test_ve_phase8_exact_s2::p8_exact_f12_s001 (l1_gas: ~0, l1_data_gas: ~0, l2_gas: ~341524295)
[PASS] zkmine_2g::tests::test_ve_phase8_exact_s2::p8_exact_f12_s004 (l1_gas: ~0, l1_data_gas: ~0, l2_gas: ~343710700)
[PASS] zkmine_2g::tests::test_ve_phase8_exact_s2::p8_exact_f17_s007 (l1_gas: ~0, l1_data_gas: ~0, l2_gas: ~11061233)
[PASS] zkmine_2g::tests::test_ve_phase8_exact_s2::p8_exact_f17_s008 (l1_gas: ~0, l1_data_gas: ~0, l2_gas: ~16014699)
[PASS] zkmine_2g::tests::test_ve_phase8_exact_s2::p8_exact_f12_s002 (l1_gas: ~0, l1_data_gas: ~0, l2_gas: ~379755903)
[PASS] zkmine_2g::tests::test_ve_phase8_exact_s2::p8_exact_f17_s009 (l1_gas: ~0, l1_data_gas: ~0, l2_gas: ~12366853)
[PASS] zkmine_2g::tests::test_ve_phase8_exact_s2::p8_exact_f18_s001 (l1_gas: ~0, l1_data_gas: ~0, l2_gas: ~13726630)
[PASS] zkmine_2g::tests::test_ve_phase8_exact_s2::p8_exact_f18_s002 (l1_gas: ~0, l1_data_gas: ~0, l2_gas: ~13955159)
[PASS] zkmine_2g::tests::test_ve_phase8_exact_s2::p8_exact_f18_s003 (l1_gas: ~0, l1_data_gas: ~0, l2_gas: ~9755256)
[PASS] zkmine_2g::tests::test_ve_phase8_exact_s2::p8_exact_f18_s004 (l1_gas: ~0, l1_data_gas: ~0, l2_gas: ~14756950)
[PASS] zkmine_2g::tests::test_ve_phase8_exact_s2::p8_exact_f18_s007 (l1_gas: ~0, l1_data_gas: ~0, l2_gas: ~16096866)
[PASS] zkmine_2g::tests::test_ve_phase8_exact_s2::p8_exact_f18_s005 (l1_gas: ~0, l1_data_gas: ~0, l2_gas: ~19750983)
[PASS] zkmine_2g::tests::test_ve_phase8_exact_s2::p8_exact_f18_s006 (l1_gas: ~0, l1_data_gas: ~0, l2_gas: ~29199989)
[PASS] zkmine_2g::tests::test_ve_phase8_exact_s2::p8_exact_f18_s008 (l1_gas: ~0, l1_data_gas: ~0, l2_gas: ~16467072)
[PASS] zkmine_2g::tests::test_ve_phase8_exact_s2::p8_exact_f18_s009 (l1_gas: ~0, l1_data_gas: ~0, l2_gas: ~12230719)
[PASS] zkmine_2g::tests::test_ve_phase8_exact_s2::p8_exact_f19_s001 (l1_gas: ~0, l1_data_gas: ~0, l2_gas: ~33208066)
[PASS] zkmine_2g::tests::test_ve_phase8_exact_s2::p8_exact_f19_s003 (l1_gas: ~0, l1_data_gas: ~0, l2_gas: ~18608339)
[PASS] zkmine_2g::tests::test_ve_phase8_exact_s2::p8_exact_f19_s002 (l1_gas: ~0, l1_data_gas: ~0, l2_gas: ~18148675)
[PASS] zkmine_2g::tests::test_ve_phase8_exact_s2::p8_exact_f19_s004 (l1_gas: ~0, l1_data_gas: ~0, l2_gas: ~24654015)
[PASS] zkmine_2g::tests::test_ve_phase8_exact_s2::p8_exact_f19_s005 (l1_gas: ~0, l1_data_gas: ~0, l2_gas: ~17865819)
[PASS] zkmine_2g::tests::test_ve_phase8_exact_s2::p8_exact_f19_s007 (l1_gas: ~0, l1_data_gas: ~0, l2_gas: ~14566733)
[PASS] zkmine_2g::tests::test_ve_phase8_exact_s2::p8_exact_f19_s006 (l1_gas: ~0, l1_data_gas: ~0, l2_gas: ~26114920)
[PASS] zkmine_2g::tests::test_ve_phase8_exact_s2::p8_exact_f19_s008 (l1_gas: ~0, l1_data_gas: ~0, l2_gas: ~25256826)
[PASS] zkmine_2g::tests::test_ve_phase8_exact_s2::p8_exact_f19_s009 (l1_gas: ~0, l1_data_gas: ~0, l2_gas: ~20567335)
[PASS] zkmine_2g::tests::test_ve_phase8_exact_s2::p8_exact_f19_s010 (l1_gas: ~0, l1_data_gas: ~0, l2_gas: ~29674937)
[PASS] zkmine_2g::tests::test_ve_phase8_exact_s2::p8_exact_f19_s011 (l1_gas: ~0, l1_data_gas: ~0, l2_gas: ~25653002)
[PASS] zkmine_2g::tests::test_ve_phase8_exact_s2::p8_exact_f19_s012 (l1_gas: ~0, l1_data_gas: ~0, l2_gas: ~30488344)
[PASS] zkmine_2g::tests::test_ve_phase8_exact_s2::p8_exact_f19_s013 (l1_gas: ~0, l1_data_gas: ~0, l2_gas: ~25525189)
[PASS] zkmine_2g::tests::test_ve_phase8_exact_s2::p8_exact_f19_s014 (l1_gas: ~0, l1_data_gas: ~0, l2_gas: ~31655189)
[PASS] zkmine_2g::tests::test_ve_phase8_exact_s2::p8_exact_f19_s015 (l1_gas: ~0, l1_data_gas: ~0, l2_gas: ~21619400)
[PASS] zkmine_2g::tests::test_ve_phase8_exact_s2::p8_exact_f19_s017 (l1_gas: ~0, l1_data_gas: ~0, l2_gas: ~21956801)
[PASS] zkmine_2g::tests::test_ve_phase8_exact_s2::p8_exact_f19_s016 (l1_gas: ~0, l1_data_gas: ~0, l2_gas: ~33029834)
[PASS] zkmine_2g::tests::test_ve_phase8_exact_s2::p8_exact_f19_s018 (l1_gas: ~0, l1_data_gas: ~0, l2_gas: ~33658819)
[PASS] zkmine_2g::tests::test_ve_phase8_exact_s2::p8_exact_f19_s019 (l1_gas: ~0, l1_data_gas: ~0, l2_gas: ~22557314)
[PASS] zkmine_2g::tests::test_ve_phase8_exact_s2::p8_exact_f19_s020 (l1_gas: ~0, l1_data_gas: ~0, l2_gas: ~39319363)
[PASS] zkmine_2g::tests::test_ve_phase8_exact_s2::p8_exact_f19_s021 (l1_gas: ~0, l1_data_gas: ~0, l2_gas: ~43236592)
[PASS] zkmine_2g::tests::test_ve_phase8_exact_s2::p8_exact_f19_s022 (l1_gas: ~0, l1_data_gas: ~0, l2_gas: ~42123754)
[PASS] zkmine_2g::tests::test_ve_phase8_exact_s2::p8_exact_f19_s023 (l1_gas: ~0, l1_data_gas: ~0, l2_gas: ~37928621)
[PASS] zkmine_2g::tests::test_ve_phase8_exact_s2::p8_exact_f19_s025 (l1_gas: ~0, l1_data_gas: ~0, l2_gas: ~37527774)
[PASS] zkmine_2g::tests::test_ve_phase8_exact_s2::p8_exact_f19_s024 (l1_gas: ~0, l1_data_gas: ~0, l2_gas: ~35479887)
[PASS] zkmine_2g::tests::test_ve_phase8_exact_s2::p8_exact_f19_s027 (l1_gas: ~0, l1_data_gas: ~0, l2_gas: ~38393399)
[PASS] zkmine_2g::tests::test_ve_phase8_exact_s2::p8_exact_f19_s026 (l1_gas: ~0, l1_data_gas: ~0, l2_gas: ~28342282)
[PASS] zkmine_2g::tests::test_ve_phase8_exact_s2::p8_exact_f20_s001 (l1_gas: ~0, l1_data_gas: ~0, l2_gas: ~13726630)
[PASS] zkmine_2g::tests::test_ve_phase8_exact_s2::p8_exact_f19_s028 (l1_gas: ~0, l1_data_gas: ~0, l2_gas: ~34329485)
[PASS] zkmine_2g::tests::test_ve_phase8_exact_s2::p8_exact_f20_s003 (l1_gas: ~0, l1_data_gas: ~0, l2_gas: ~9742318)
[PASS] zkmine_2g::tests::test_ve_phase8_exact_s2::p8_exact_f20_s002 (l1_gas: ~0, l1_data_gas: ~0, l2_gas: ~13955159)
[PASS] zkmine_2g::tests::test_ve_phase8_exact_s2::p8_exact_f21_s001 (l1_gas: ~0, l1_data_gas: ~0, l2_gas: ~30847679)
[PASS] zkmine_2g::tests::test_ve_phase8_exact_s2::p8_exact_f21_s003 (l1_gas: ~0, l1_data_gas: ~0, l2_gas: ~16405232)
[PASS] zkmine_2g::tests::test_ve_phase8_exact_s2::p8_exact_f21_s002 (l1_gas: ~0, l1_data_gas: ~0, l2_gas: ~21292158)
[PASS] zkmine_2g::tests::test_ve_phase8_exact_s2::p8_exact_f21_s004 (l1_gas: ~0, l1_data_gas: ~0, l2_gas: ~40643725)
[PASS] zkmine_2g::tests::test_ve_phase8_exact_s2::p8_exact_f21_s007 (l1_gas: ~0, l1_data_gas: ~0, l2_gas: ~13385454)
[PASS] zkmine_2g::tests::test_ve_phase8_exact_s2::p8_exact_f21_s005 (l1_gas: ~0, l1_data_gas: ~0, l2_gas: ~22888231)
[PASS] zkmine_2g::tests::test_ve_phase8_exact_s2::p8_exact_f21_s006 (l1_gas: ~0, l1_data_gas: ~0, l2_gas: ~28776520)
[PASS] zkmine_2g::tests::test_ve_phase8_exact_s2::p8_exact_f21_s008 (l1_gas: ~0, l1_data_gas: ~0, l2_gas: ~24896090)
[PASS] zkmine_2g::tests::test_ve_phase8_exact_s2::p8_exact_f21_s009 (l1_gas: ~0, l1_data_gas: ~0, l2_gas: ~18663090)
[PASS] zkmine_2g::tests::test_ve_phase8_exact_s2::p8_exact_f22_s001 (l1_gas: ~0, l1_data_gas: ~0, l2_gas: ~53843931)
[PASS] zkmine_2g::tests::test_ve_phase8_exact_s2::p8_exact_f22_s002 (l1_gas: ~0, l1_data_gas: ~0, l2_gas: ~54186188)
[PASS] zkmine_2g::tests::test_ve_phase8_exact_s2::p8_exact_f22_s007 (l1_gas: ~0, l1_data_gas: ~0, l2_gas: ~53847280)
[PASS] zkmine_2g::tests::test_ve_phase8_exact_s2::p8_exact_f22_s003 (l1_gas: ~0, l1_data_gas: ~0, l2_gas: ~66823965)
[PASS] zkmine_2g::tests::test_ve_phase8_exact_s2::p8_exact_f22_s008 (l1_gas: ~0, l1_data_gas: ~0, l2_gas: ~41815367)
[PASS] zkmine_2g::tests::test_ve_phase8_exact_s2::p8_exact_f22_s004 (l1_gas: ~0, l1_data_gas: ~0, l2_gas: ~43440076)
[PASS] zkmine_2g::tests::test_ve_phase8_exact_s2::p8_exact_f22_s005 (l1_gas: ~0, l1_data_gas: ~0, l2_gas: ~44013710)
[PASS] zkmine_2g::tests::test_ve_phase8_exact_s2::p8_exact_f22_s006 (l1_gas: ~0, l1_data_gas: ~0, l2_gas: ~53843931)
[PASS] zkmine_2g::tests::test_ve_phase8_exact_s2::p8_exact_f22_s009 (l1_gas: ~0, l1_data_gas: ~0, l2_gas: ~42611288)
[PASS] zkmine_2g::tests::test_ve_phase8_exact_s2::p8_exact_f22_s011 (l1_gas: ~0, l1_data_gas: ~0, l2_gas: ~44643066)
[PASS] zkmine_2g::tests::test_ve_phase8_exact_s2::p8_exact_f22_s012 (l1_gas: ~0, l1_data_gas: ~0, l2_gas: ~45284160)
[PASS] zkmine_2g::tests::test_ve_phase8_exact_s2::p8_exact_f22_s010 (l1_gas: ~0, l1_data_gas: ~0, l2_gas: ~94215821)
[PASS] zkmine_2g::tests::test_ve_phase8_exact_s2::p8_exact_f22_s013 (l1_gas: ~0, l1_data_gas: ~0, l2_gas: ~45856381)
[PASS] zkmine_2g::tests::test_ve_phase8_exact_s2::p8_exact_f22_s014 (l1_gas: ~0, l1_data_gas: ~0, l2_gas: ~47178736)
[PASS] zkmine_2g::tests::test_ve_phase8_exact_s2::p8_exact_f22_s017 (l1_gas: ~0, l1_data_gas: ~0, l2_gas: ~43580890)
[PASS] zkmine_2g::tests::test_ve_phase8_exact_s2::p8_exact_f22_s016 (l1_gas: ~0, l1_data_gas: ~0, l2_gas: ~66301799)
[PASS] zkmine_2g::tests::test_ve_phase8_exact_s2::p8_exact_f22_s015 (l1_gas: ~0, l1_data_gas: ~0, l2_gas: ~54415010)
[PASS] zkmine_2g::tests::test_ve_phase8_exact_s2::p8_exact_f22_s018 (l1_gas: ~0, l1_data_gas: ~0, l2_gas: ~61673897)
[PASS] zkmine_2g::tests::test_ve_phase8_exact_s2::p8_exact_f22_s019 (l1_gas: ~0, l1_data_gas: ~0, l2_gas: ~62017176)
[PASS] zkmine_2g::tests::test_ve_phase8_exact_s2::p8_exact_f22_s021 (l1_gas: ~0, l1_data_gas: ~0, l2_gas: ~85489232)
[PASS] zkmine_2g::tests::test_ve_phase8_exact_s2::p8_exact_f22_s020 (l1_gas: ~0, l1_data_gas: ~0, l2_gas: ~95827355)
[PASS] zkmine_2g::tests::test_ve_phase8_exact_s2::p8_exact_f22_s022 (l1_gas: ~0, l1_data_gas: ~0, l2_gas: ~51743596)
[PASS] zkmine_2g::tests::test_ve_phase8_exact_s2::p8_exact_f22_s023 (l1_gas: ~0, l1_data_gas: ~0, l2_gas: ~52367097)
[PASS] zkmine_2g::tests::test_ve_phase8_exact_s2::p8_exact_f22_s025 (l1_gas: ~0, l1_data_gas: ~0, l2_gas: ~45136158)
[PASS] zkmine_2g::tests::test_ve_phase8_exact_s2::p8_exact_f22_s024 (l1_gas: ~0, l1_data_gas: ~0, l2_gas: ~67105850)
[PASS] zkmine_2g::tests::test_ve_phase8_exact_s2::p8_exact_f22_s026 (l1_gas: ~0, l1_data_gas: ~0, l2_gas: ~56903919)
[PASS] zkmine_2g::tests::test_ve_phase8_exact_s2::p8_exact_f22_s027 (l1_gas: ~0, l1_data_gas: ~0, l2_gas: ~47188528)
[PASS] zkmine_2g::tests::test_ve_phase8_exact_s2::p8_exact_f22_s028 (l1_gas: ~0, l1_data_gas: ~0, l2_gas: ~64565350)
[PASS] zkmine_2g::tests::test_ve_phase8_exact_s2::p8_exact_f22_s029 (l1_gas: ~0, l1_data_gas: ~0, l2_gas: ~72700998)
[PASS] zkmine_2g::tests::test_ve_phase8_exact_s2::p8_exact_f22_s030 (l1_gas: ~0, l1_data_gas: ~0, l2_gas: ~68621042)
[PASS] zkmine_2g::tests::test_ve_phase8_exact_s2::p8_exact_f22_s031 (l1_gas: ~0, l1_data_gas: ~0, l2_gas: ~74024531)
[PASS] zkmine_2g::tests::test_ve_phase8_exact_s2::p8_exact_f16_s002 (l1_gas: ~0, l1_data_gas: ~0, l2_gas: ~87063549)
=== END SHARD: exact_s2 (floods f12-f22, 161 tests) ===
=== SHARD: combined (3 tests) ===
   Compiling test(zkmine_2g_unittest) zkmine_2g v0.1.0 (/home/cactussediento/Proyectos/zkminestark/contracts/zkmine_2g/Scarb.toml)
warn: Unused import: `zkmine_2g::cell::u512_mul_small`
 --> /home/cactussediento/Proyectos/zkminestark/contracts/zkmine_2g/src/cell.cairo:20:42
use zkmine_2g::bigint::{binom, u512_add, u512_mul_small, u512_mul_u256, u512_zero, u512_from_u32};
                                         ^^^^^^^^^^^^^^

warn: Unused import: `zkmine_2g::cell::u512_from_u32`
 --> /home/cactussediento/Proyectos/zkminestark/contracts/zkmine_2g/src/cell.cairo:20:84
use zkmine_2g::bigint::{binom, u512_add, u512_mul_small, u512_mul_u256, u512_zero, u512_from_u32};
                                                                                   ^^^^^^^^^^^^^

error[E0006]: Identifier not found.
 --> /home/cactussediento/Proyectos/zkminestark/contracts/zkmine_2g/src/tests/test_ve_phase8_combined.cairo:12:5
    _s001// No special component — cell fully surrounded by known cells
    ^^^^^
note: this error originates in the attribute macro: `test`

error: Missing semicolon
 --> /home/cactussediento/Proyectos/zkminestark/contracts/zkmine_2g/src/tests/test_ve_phase8_combined.cairo:12:10
    _s001// No special component — cell fully surrounded by known cells
         ^
note: this error originates in the attribute macro: `test`

error[E0006]: Identifier not found.
 --> /home/cactussediento/Proyectos/zkminestark/contracts/zkmine_2g/src/tests/test_ve_phase8_combined.cairo:14:5
    _s001// Step 1: unconstrained local (neighbors=2)
    ^^^^^
note: this error originates in the attribute macro: `test`

error: Missing semicolon
 --> /home/cactussediento/Proyectos/zkminestark/contracts/zkmine_2g/src/tests/test_ve_phase8_combined.cairo:14:10
    _s001// Step 1: unconstrained local (neighbors=2)
         ^
note: this error originates in the attribute macro: `test`

error[E0006]: Identifier not found.
 --> /home/cactussediento/Proyectos/zkminestark/contracts/zkmine_2g/src/tests/test_ve_phase8_combined.cairo:20:5
    _s002// No special component — cell fully surrounded by known cells
    ^^^^^
note: this error originates in the attribute macro: `test`

error: Missing semicolon
 --> /home/cactussediento/Proyectos/zkminestark/contracts/zkmine_2g/src/tests/test_ve_phase8_combined.cairo:20:10
    _s002// No special component — cell fully surrounded by known cells
         ^
note: this error originates in the attribute macro: `test`

error[E0006]: Identifier not found.
 --> /home/cactussediento/Proyectos/zkminestark/contracts/zkmine_2g/src/tests/test_ve_phase8_combined.cairo:22:5
    _s002// Step 1.0: ordinary component 0 (size=2)
    ^^^^^
note: this error originates in the attribute macro: `test`

error: Missing semicolon
 --> /home/cactussediento/Proyectos/zkminestark/contracts/zkmine_2g/src/tests/test_ve_phase8_combined.cairo:22:10
    _s002// Step 1.0: ordinary component 0 (size=2)
         ^
note: this error originates in the attribute macro: `test`

error[E0006]: Identifier not found.
 --> /home/cactussediento/Proyectos/zkminestark/contracts/zkmine_2g/src/tests/test_ve_phase8_combined.cairo:27:5
    _s002// Step 3: unconstrained local (neighbors=2)
    ^^^^^
note: this error originates in the attribute macro: `test`

error: Missing semicolon
 --> /home/cactussediento/Proyectos/zkminestark/contracts/zkmine_2g/src/tests/test_ve_phase8_combined.cairo:27:10
    _s002// Step 3: unconstrained local (neighbors=2)
         ^
note: this error originates in the attribute macro: `test`

error[E0006]: Identifier not found.
 --> /home/cactussediento/Proyectos/zkminestark/contracts/zkmine_2g/src/tests/test_ve_phase8_combined.cairo:33:5
    _s003// Step 1: joint VE on special component 0 (size=2 width=1)
    ^^^^^
note: this error originates in the attribute macro: `test`

error: Missing semicolon
 --> /home/cactussediento/Proyectos/zkminestark/contracts/zkmine_2g/src/tests/test_ve_phase8_combined.cairo:33:10
    _s003// Step 1: joint VE on special component 0 (size=2 width=1)
         ^
note: this error originates in the attribute macro: `test`

error[E0006]: Identifier not found.
 --> /home/cactussediento/Proyectos/zkminestark/contracts/zkmine_2g/src/tests/test_ve_phase8_combined.cairo:39:5
    _s003// Step 2: joint VE on special component 1 (size=2 width=1)
    ^^^^^
note: this error originates in the attribute macro: `test`

error: Missing semicolon
 --> /home/cactussediento/Proyectos/zkminestark/contracts/zkmine_2g/src/tests/test_ve_phase8_combined.cairo:39:10
    _s003// Step 2: joint VE on special component 1 (size=2 width=1)
         ^
note: this error originates in the attribute macro: `test`

error[E0006]: Identifier not found.
 --> /home/cactussediento/Proyectos/zkminestark/contracts/zkmine_2g/src/tests/test_ve_phase8_combined.cairo:46:5
    _s003// Step 3: unconstrained local (neighbors=1)
    ^^^^^
note: this error originates in the attribute macro: `test`

error: Missing semicolon
 --> /home/cactussediento/Proyectos/zkminestark/contracts/zkmine_2g/src/tests/test_ve_phase8_combined.cairo:46:10
    _s003// Step 3: unconstrained local (neighbors=1)
         ^
note: this error originates in the attribute macro: `test`

error[E0006]: Identifier not found.
 --> /home/cactussediento/Proyectos/zkminestark/contracts/zkmine_2g/src/tests/test_ve_phase8_combined.cairo:56:5
    _s001// No special component — cell fully surrounded by known cells
    ^^^^^
note: this error originates in the attribute macro: `test`

error: Missing semicolon
 --> /home/cactussediento/Proyectos/zkminestark/contracts/zkmine_2g/src/tests/test_ve_phase8_combined.cairo:56:10
    _s001// No special component — cell fully surrounded by known cells
         ^
note: this error originates in the attribute macro: `test`

error[E0006]: Identifier not found.
 --> /home/cactussediento/Proyectos/zkminestark/contracts/zkmine_2g/src/tests/test_ve_phase8_combined.cairo:58:5
    _s001// Step 1.0: ordinary component 0 (size=15)
    ^^^^^
note: this error originates in the attribute macro: `test`

error: Missing semicolon
 --> /home/cactussediento/Proyectos/zkminestark/contracts/zkmine_2g/src/tests/test_ve_phase8_combined.cairo:58:10
    _s001// Step 1.0: ordinary component 0 (size=15)
         ^
note: this error originates in the attribute macro: `test`

error[E0006]: Identifier not found.
 --> /home/cactussediento/Proyectos/zkminestark/contracts/zkmine_2g/src/tests/test_ve_phase8_combined.cairo:63:5
    _s001// Step 2.1: ordinary component 1 (size=2)
    ^^^^^
note: this error originates in the attribute macro: `test`

error: Missing semicolon
 --> /home/cactussediento/Proyectos/zkminestark/contracts/zkmine_2g/src/tests/test_ve_phase8_combined.cairo:63:10
    _s001// Step 2.1: ordinary component 1 (size=2)
         ^
note: this error originates in the attribute macro: `test`

error[E0006]: Identifier not found.
 --> /home/cactussediento/Proyectos/zkminestark/contracts/zkmine_2g/src/tests/test_ve_phase8_combined.cairo:68:5
    _s001// Step 2.2: ordinary component 2 (size=8)
    ^^^^^
note: this error originates in the attribute macro: `test`

error: Missing semicolon
 --> /home/cactussediento/Proyectos/zkminestark/contracts/zkmine_2g/src/tests/test_ve_phase8_combined.cairo:68:10
    _s001// Step 2.2: ordinary component 2 (size=8)
         ^
note: this error originates in the attribute macro: `test`

error[E0006]: Identifier not found.
 --> /home/cactussediento/Proyectos/zkminestark/contracts/zkmine_2g/src/tests/test_ve_phase8_combined.cairo:73:5
    _s001// Step 2.3: ordinary component 3 (size=5)
    ^^^^^
note: this error originates in the attribute macro: `test`

error: Missing semicolon
 --> /home/cactussediento/Proyectos/zkminestark/contracts/zkmine_2g/src/tests/test_ve_phase8_combined.cairo:73:10
    _s001// Step 2.3: ordinary component 3 (size=5)
         ^
note: this error originates in the attribute macro: `test`

error[E0006]: Identifier not found.
 --> /home/cactussediento/Proyectos/zkminestark/contracts/zkmine_2g/src/tests/test_ve_phase8_combined.cairo:78:5
    _s001// Step 2.4: ordinary component 4 (size=17)
    ^^^^^
note: this error originates in the attribute macro: `test`

error: Missing semicolon
 --> /home/cactussediento/Proyectos/zkminestark/contracts/zkmine_2g/src/tests/test_ve_phase8_combined.cairo:78:10
    _s001// Step 2.4: ordinary component 4 (size=17)
         ^
note: this error originates in the attribute macro: `test`

error[E0006]: Identifier not found.
 --> /home/cactussediento/Proyectos/zkminestark/contracts/zkmine_2g/src/tests/test_ve_phase8_combined.cairo:83:5
    _s001// Step 2.5: ordinary component 5 (size=8)
    ^^^^^
note: this error originates in the attribute macro: `test`

error: Missing semicolon
 --> /home/cactussediento/Proyectos/zkminestark/contracts/zkmine_2g/src/tests/test_ve_phase8_combined.cairo:83:10
    _s001// Step 2.5: ordinary component 5 (size=8)
         ^
note: this error originates in the attribute macro: `test`

error[E0006]: Identifier not found.
 --> /home/cactussediento/Proyectos/zkminestark/contracts/zkmine_2g/src/tests/test_ve_phase8_combined.cairo:88:5
    _s001// Step 2.6: ordinary component 6 (size=5)
    ^^^^^
note: this error originates in the attribute macro: `test`

error: Missing semicolon
 --> /home/cactussediento/Proyectos/zkminestark/contracts/zkmine_2g/src/tests/test_ve_phase8_combined.cairo:88:10
    _s001// Step 2.6: ordinary component 6 (size=5)
         ^
note: this error originates in the attribute macro: `test`

error[E0006]: Identifier not found.
 --> /home/cactussediento/Proyectos/zkminestark/contracts/zkmine_2g/src/tests/test_ve_phase8_combined.cairo:93:5
    _s001// Step 2.7: ordinary component 7 (size=3)
    ^^^^^
note: this error originates in the attribute macro: `test`

error: Missing semicolon
 --> /home/cactussediento/Proyectos/zkminestark/contracts/zkmine_2g/src/tests/test_ve_phase8_combined.cairo:93:10
    _s001// Step 2.7: ordinary component 7 (size=3)
         ^
note: this error originates in the attribute macro: `test`

error[E0006]: Identifier not found.
 --> /home/cactussediento/Proyectos/zkminestark/contracts/zkmine_2g/src/tests/test_ve_phase8_combined.cairo:98:5
    _s001// Step 10: unconstrained local (neighbors=2)
    ^^^^^
note: this error originates in the attribute macro: `test`

error: Missing semicolon
 --> /home/cactussediento/Proyectos/zkminestark/contracts/zkmine_2g/src/tests/test_ve_phase8_combined.cairo:98:10
    _s001// Step 10: unconstrained local (neighbors=2)
         ^
note: this error originates in the attribute macro: `test`

error[E0006]: Identifier not found.
 --> /home/cactussediento/Proyectos/zkminestark/contracts/zkmine_2g/src/tests/test_ve_phase8_combined.cairo:104:5
    _s002// Step 1: joint VE on special component 0 (size=2 width=1)
    ^^^^^
note: this error originates in the attribute macro: `test`

error: Missing semicolon
 --> /home/cactussediento/Proyectos/zkminestark/contracts/zkmine_2g/src/tests/test_ve_phase8_combined.cairo:104:10
    _s002// Step 1: joint VE on special component 0 (size=2 width=1)
         ^
note: this error originates in the attribute macro: `test`

error[E0006]: Identifier not found.
 --> /home/cactussediento/Proyectos/zkminestark/contracts/zkmine_2g/src/tests/test_ve_phase8_combined.cairo:111:5
    _s002// Step 2.0: ordinary component 0 (size=15)
    ^^^^^
note: this error originates in the attribute macro: `test`

error: Missing semicolon
 --> /home/cactussediento/Proyectos/zkminestark/contracts/zkmine_2g/src/tests/test_ve_phase8_combined.cairo:111:10
    _s002// Step 2.0: ordinary component 0 (size=15)
         ^
note: this error originates in the attribute macro: `test`

error[E0006]: Identifier not found.
 --> /home/cactussediento/Proyectos/zkminestark/contracts/zkmine_2g/src/tests/test_ve_phase8_combined.cairo:116:5
    _s002// Step 3.1: ordinary component 1 (size=2)
    ^^^^^
note: this error originates in the attribute macro: `test`

error: Missing semicolon
 --> /home/cactussediento/Proyectos/zkminestark/contracts/zkmine_2g/src/tests/test_ve_phase8_combined.cairo:116:10
    _s002// Step 3.1: ordinary component 1 (size=2)
         ^
note: this error originates in the attribute macro: `test`

error[E0006]: Identifier not found.
 --> /home/cactussediento/Proyectos/zkminestark/contracts/zkmine_2g/src/tests/test_ve_phase8_combined.cairo:121:5
    _s002// Step 3.2: ordinary component 2 (size=8)
    ^^^^^
note: this error originates in the attribute macro: `test`

error: Missing semicolon
 --> /home/cactussediento/Proyectos/zkminestark/contracts/zkmine_2g/src/tests/test_ve_phase8_combined.cairo:121:10
    _s002// Step 3.2: ordinary component 2 (size=8)
         ^
note: this error originates in the attribute macro: `test`

error[E0006]: Identifier not found.
 --> /home/cactussediento/Proyectos/zkminestark/contracts/zkmine_2g/src/tests/test_ve_phase8_combined.cairo:126:5
    _s002// Step 3.3: ordinary component 3 (size=5)
    ^^^^^
note: this error originates in the attribute macro: `test`

error: Missing semicolon
 --> /home/cactussediento/Proyectos/zkminestark/contracts/zkmine_2g/src/tests/test_ve_phase8_combined.cairo:126:10
    _s002// Step 3.3: ordinary component 3 (size=5)
         ^
note: this error originates in the attribute macro: `test`

error[E0006]: Identifier not found.
 --> /home/cactussediento/Proyectos/zkminestark/contracts/zkmine_2g/src/tests/test_ve_phase8_combined.cairo:131:5
    _s002// Step 3.4: ordinary component 4 (size=17)
    ^^^^^
note: this error originates in the attribute macro: `test`

error: Missing semicolon
 --> /home/cactussediento/Proyectos/zkminestark/contracts/zkmine_2g/src/tests/test_ve_phase8_combined.cairo:131:10
    _s002// Step 3.4: ordinary component 4 (size=17)
         ^
note: this error originates in the attribute macro: `test`

error[E0006]: Identifier not found.
 --> /home/cactussediento/Proyectos/zkminestark/contracts/zkmine_2g/src/tests/test_ve_phase8_combined.cairo:136:5
    _s002// Step 3.5: ordinary component 5 (size=8)
    ^^^^^
note: this error originates in the attribute macro: `test`

error: Missing semicolon
 --> /home/cactussediento/Proyectos/zkminestark/contracts/zkmine_2g/src/tests/test_ve_phase8_combined.cairo:136:10
    _s002// Step 3.5: ordinary component 5 (size=8)
         ^
note: this error originates in the attribute macro: `test`

error[E0006]: Identifier not found.
 --> /home/cactussediento/Proyectos/zkminestark/contracts/zkmine_2g/src/tests/test_ve_phase8_combined.cairo:141:5
    _s002// Step 3.6: ordinary component 6 (size=5)
    ^^^^^
note: this error originates in the attribute macro: `test`

error: Missing semicolon
 --> /home/cactussediento/Proyectos/zkminestark/contracts/zkmine_2g/src/tests/test_ve_phase8_combined.cairo:141:10
    _s002// Step 3.6: ordinary component 6 (size=5)
         ^
note: this error originates in the attribute macro: `test`

error[E0006]: Identifier not found.
 --> /home/cactussediento/Proyectos/zkminestark/contracts/zkmine_2g/src/tests/test_ve_phase8_combined.cairo:146:5
    _s002// Step 3.7: ordinary component 7 (size=3)
    ^^^^^
note: this error originates in the attribute macro: `test`

error: Missing semicolon
 --> /home/cactussediento/Proyectos/zkminestark/contracts/zkmine_2g/src/tests/test_ve_phase8_combined.cairo:146:10
    _s002// Step 3.7: ordinary component 7 (size=3)
         ^
note: this error originates in the attribute macro: `test`

error[E0006]: Identifier not found.
 --> /home/cactussediento/Proyectos/zkminestark/contracts/zkmine_2g/src/tests/test_ve_phase8_combined.cairo:151:5
    _s002// Step 11: unconstrained local (neighbors=3)
    ^^^^^
note: this error originates in the attribute macro: `test`

error: Missing semicolon
 --> /home/cactussediento/Proyectos/zkminestark/contracts/zkmine_2g/src/tests/test_ve_phase8_combined.cairo:151:10
    _s002// Step 11: unconstrained local (neighbors=3)
         ^
note: this error originates in the attribute macro: `test`

error[E0006]: Identifier not found.
 --> /home/cactussediento/Proyectos/zkminestark/contracts/zkmine_2g/src/tests/test_ve_phase8_combined.cairo:157:5
    _s003// Step 1: joint VE on special component 0 (size=5 width=4)
    ^^^^^
note: this error originates in the attribute macro: `test`

error: Missing semicolon
 --> /home/cactussediento/Proyectos/zkminestark/contracts/zkmine_2g/src/tests/test_ve_phase8_combined.cairo:157:10
    _s003// Step 1: joint VE on special component 0 (size=5 width=4)
         ^
note: this error originates in the attribute macro: `test`

error[E0006]: Identifier not found.
 --> /home/cactussediento/Proyectos/zkminestark/contracts/zkmine_2g/src/tests/test_ve_phase8_combined.cairo:164:5
    _s003// Step 2.0: ordinary component 0 (size=15)
    ^^^^^
note: this error originates in the attribute macro: `test`

error: Missing semicolon
 --> /home/cactussediento/Proyectos/zkminestark/contracts/zkmine_2g/src/tests/test_ve_phase8_combined.cairo:164:10
    _s003// Step 2.0: ordinary component 0 (size=15)
         ^
note: this error originates in the attribute macro: `test`

error[E0006]: Identifier not found.
 --> /home/cactussediento/Proyectos/zkminestark/contracts/zkmine_2g/src/tests/test_ve_phase8_combined.cairo:169:5
    _s003// Step 3.1: ordinary component 1 (size=2)
    ^^^^^
note: this error originates in the attribute macro: `test`

error: Missing semicolon
 --> /home/cactussediento/Proyectos/zkminestark/contracts/zkmine_2g/src/tests/test_ve_phase8_combined.cairo:169:10
    _s003// Step 3.1: ordinary component 1 (size=2)
         ^
note: this error originates in the attribute macro: `test`

error[E0006]: Identifier not found.
 --> /home/cactussediento/Proyectos/zkminestark/contracts/zkmine_2g/src/tests/test_ve_phase8_combined.cairo:174:5
    _s003// Step 3.2: ordinary component 2 (size=8)
    ^^^^^
note: this error originates in the attribute macro: `test`

error: Missing semicolon
 --> /home/cactussediento/Proyectos/zkminestark/contracts/zkmine_2g/src/tests/test_ve_phase8_combined.cairo:174:10
    _s003// Step 3.2: ordinary component 2 (size=8)
         ^
note: this error originates in the attribute macro: `test`

error[E0006]: Identifier not found.
 --> /home/cactussediento/Proyectos/zkminestark/contracts/zkmine_2g/src/tests/test_ve_phase8_combined.cairo:179:5
    _s003// Step 3.3: ordinary component 3 (size=5)
    ^^^^^
note: this error originates in the attribute macro: `test`

error: Missing semicolon
 --> /home/cactussediento/Proyectos/zkminestark/contracts/zkmine_2g/src/tests/test_ve_phase8_combined.cairo:179:10
    _s003// Step 3.3: ordinary component 3 (size=5)
         ^
note: this error originates in the attribute macro: `test`

error[E0006]: Identifier not found.
 --> /home/cactussediento/Proyectos/zkminestark/contracts/zkmine_2g/src/tests/test_ve_phase8_combined.cairo:184:5
    _s003// Step 3.4: ordinary component 4 (size=17)
    ^^^^^
note: this error originates in the attribute macro: `test`

error: Missing semicolon
 --> /home/cactussediento/Proyectos/zkminestark/contracts/zkmine_2g/src/tests/test_ve_phase8_combined.cairo:184:10
    _s003// Step 3.4: ordinary component 4 (size=17)
         ^
note: this error originates in the attribute macro: `test`

error[E0006]: Identifier not found.
 --> /home/cactussediento/Proyectos/zkminestark/contracts/zkmine_2g/src/tests/test_ve_phase8_combined.cairo:189:5
    _s003// Step 3.5: ordinary component 5 (size=8)
    ^^^^^
note: this error originates in the attribute macro: `test`

error: Missing semicolon
 --> /home/cactussediento/Proyectos/zkminestark/contracts/zkmine_2g/src/tests/test_ve_phase8_combined.cairo:189:10
    _s003// Step 3.5: ordinary component 5 (size=8)
         ^
note: this error originates in the attribute macro: `test`

error[E0006]: Identifier not found.
 --> /home/cactussediento/Proyectos/zkminestark/contracts/zkmine_2g/src/tests/test_ve_phase8_combined.cairo:194:5
    _s003// Step 3.6: ordinary component 6 (size=5)
    ^^^^^
note: this error originates in the attribute macro: `test`

error: Missing semicolon
 --> /home/cactussediento/Proyectos/zkminestark/contracts/zkmine_2g/src/tests/test_ve_phase8_combined.cairo:194:10
    _s003// Step 3.6: ordinary component 6 (size=5)
         ^
note: this error originates in the attribute macro: `test`

error[E0006]: Identifier not found.
 --> /home/cactussediento/Proyectos/zkminestark/contracts/zkmine_2g/src/tests/test_ve_phase8_combined.cairo:199:5
    _s003// Step 3.7: ordinary component 7 (size=3)
    ^^^^^
note: this error originates in the attribute macro: `test`

error: Missing semicolon
 --> /home/cactussediento/Proyectos/zkminestark/contracts/zkmine_2g/src/tests/test_ve_phase8_combined.cairo:199:10
    _s003// Step 3.7: ordinary component 7 (size=3)
         ^
note: this error originates in the attribute macro: `test`

error[E0006]: Identifier not found.
 --> /home/cactussediento/Proyectos/zkminestark/contracts/zkmine_2g/src/tests/test_ve_phase8_combined.cairo:204:5
    _s003// Step 11: unconstrained local (neighbors=1)
    ^^^^^
note: this error originates in the attribute macro: `test`

error: Missing semicolon
 --> /home/cactussediento/Proyectos/zkminestark/contracts/zkmine_2g/src/tests/test_ve_phase8_combined.cairo:204:10
    _s003// Step 11: unconstrained local (neighbors=1)
         ^
note: this error originates in the attribute macro: `test`

error[E0006]: Identifier not found.
 --> /home/cactussediento/Proyectos/zkminestark/contracts/zkmine_2g/src/tests/test_ve_phase8_combined.cairo:210:5
    _s004// Step 1: joint VE on special component 0 (size=6 width=4)
    ^^^^^
note: this error originates in the attribute macro: `test`

error: Missing semicolon
 --> /home/cactussediento/Proyectos/zkminestark/contracts/zkmine_2g/src/tests/test_ve_phase8_combined.cairo:210:10
    _s004// Step 1: joint VE on special component 0 (size=6 width=4)
         ^
note: this error originates in the attribute macro: `test`

error[E0006]: Identifier not found.
 --> /home/cactussediento/Proyectos/zkminestark/contracts/zkmine_2g/src/tests/test_ve_phase8_combined.cairo:216:5
    _s004// Step 2: joint VE on special component 1 (size=2 width=1)
    ^^^^^
note: this error originates in the attribute macro: `test`

error: Missing semicolon
 --> /home/cactussediento/Proyectos/zkminestark/contracts/zkmine_2g/src/tests/test_ve_phase8_combined.cairo:216:10
    _s004// Step 2: joint VE on special component 1 (size=2 width=1)
         ^
note: this error originates in the attribute macro: `test`

error[E0006]: Identifier not found.
 --> /home/cactussediento/Proyectos/zkminestark/contracts/zkmine_2g/src/tests/test_ve_phase8_combined.cairo:223:5
    _s004// Step 3.0: ordinary component 0 (size=15)
    ^^^^^
note: this error originates in the attribute macro: `test`

error: Missing semicolon
 --> /home/cactussediento/Proyectos/zkminestark/contracts/zkmine_2g/src/tests/test_ve_phase8_combined.cairo:223:10
    _s004// Step 3.0: ordinary component 0 (size=15)
         ^
note: this error originates in the attribute macro: `test`

error[E0006]: Identifier not found.
 --> /home/cactussediento/Proyectos/zkminestark/contracts/zkmine_2g/src/tests/test_ve_phase8_combined.cairo:228:5
    _s004// Step 4.1: ordinary component 1 (size=8)
    ^^^^^
note: this error originates in the attribute macro: `test`

error: Missing semicolon
 --> /home/cactussediento/Proyectos/zkminestark/contracts/zkmine_2g/src/tests/test_ve_phase8_combined.cairo:228:10
    _s004// Step 4.1: ordinary component 1 (size=8)
         ^
note: this error originates in the attribute macro: `test`

error[E0006]: Identifier not found.
 --> /home/cactussediento/Proyectos/zkminestark/contracts/zkmine_2g/src/tests/test_ve_phase8_combined.cairo:233:5
    _s004// Step 4.2: ordinary component 2 (size=5)
    ^^^^^
note: this error originates in the attribute macro: `test`

error: Missing semicolon
 --> /home/cactussediento/Proyectos/zkminestark/contracts/zkmine_2g/src/tests/test_ve_phase8_combined.cairo:233:10
    _s004// Step 4.2: ordinary component 2 (size=5)
         ^
note: this error originates in the attribute macro: `test`

error[E0006]: Identifier not found.
 --> /home/cactussediento/Proyectos/zkminestark/contracts/zkmine_2g/src/tests/test_ve_phase8_combined.cairo:238:5
    _s004// Step 4.3: ordinary component 3 (size=17)
    ^^^^^
note: this error originates in the attribute macro: `test`

error: Missing semicolon
 --> /home/cactussediento/Proyectos/zkminestark/contracts/zkmine_2g/src/tests/test_ve_phase8_combined.cairo:238:10
    _s004// Step 4.3: ordinary component 3 (size=17)
         ^
note: this error originates in the attribute macro: `test`

error[E0006]: Identifier not found.
 --> /home/cactussediento/Proyectos/zkminestark/contracts/zkmine_2g/src/tests/test_ve_phase8_combined.cairo:243:5
    _s004// Step 4.4: ordinary component 4 (size=8)
    ^^^^^
note: this error originates in the attribute macro: `test`

error: Missing semicolon
 --> /home/cactussediento/Proyectos/zkminestark/contracts/zkmine_2g/src/tests/test_ve_phase8_combined.cairo:243:10
    _s004// Step 4.4: ordinary component 4 (size=8)
         ^
note: this error originates in the attribute macro: `test`

error[E0006]: Identifier not found.
 --> /home/cactussediento/Proyectos/zkminestark/contracts/zkmine_2g/src/tests/test_ve_phase8_combined.cairo:248:5
    _s004// Step 4.5: ordinary component 5 (size=5)
    ^^^^^
note: this error originates in the attribute macro: `test`

error: Missing semicolon
 --> /home/cactussediento/Proyectos/zkminestark/contracts/zkmine_2g/src/tests/test_ve_phase8_combined.cairo:248:10
    _s004// Step 4.5: ordinary component 5 (size=5)
         ^
note: this error originates in the attribute macro: `test`

error[E0006]: Identifier not found.
 --> /home/cactussediento/Proyectos/zkminestark/contracts/zkmine_2g/src/tests/test_ve_phase8_combined.cairo:253:5
    _s004// Step 4.6: ordinary component 6 (size=3)
    ^^^^^
note: this error originates in the attribute macro: `test`

error: Missing semicolon
 --> /home/cactussediento/Proyectos/zkminestark/contracts/zkmine_2g/src/tests/test_ve_phase8_combined.cairo:253:10
    _s004// Step 4.6: ordinary component 6 (size=3)
         ^
note: this error originates in the attribute macro: `test`

error[E0006]: Identifier not found.
 --> /home/cactussediento/Proyectos/zkminestark/contracts/zkmine_2g/src/tests/test_ve_phase8_combined.cairo:258:5
    _s004// Step 11: unconstrained local (neighbors=1)
    ^^^^^
note: this error originates in the attribute macro: `test`

error: Missing semicolon
 --> /home/cactussediento/Proyectos/zkminestark/contracts/zkmine_2g/src/tests/test_ve_phase8_combined.cairo:258:10
    _s004// Step 11: unconstrained local (neighbors=1)
         ^
note: this error originates in the attribute macro: `test`

error[E0006]: Identifier not found.
 --> /home/cactussediento/Proyectos/zkminestark/contracts/zkmine_2g/src/tests/test_ve_phase8_combined.cairo:264:5
    _s005// Step 1: joint VE on special component 0 (size=15 width=6)
    ^^^^^
note: this error originates in the attribute macro: `test`

error: Missing semicolon
 --> /home/cactussediento/Proyectos/zkminestark/contracts/zkmine_2g/src/tests/test_ve_phase8_combined.cairo:264:10
    _s005// Step 1: joint VE on special component 0 (size=15 width=6)
         ^
note: this error originates in the attribute macro: `test`

error[E0006]: Identifier not found.
 --> /home/cactussediento/Proyectos/zkminestark/contracts/zkmine_2g/src/tests/test_ve_phase8_combined.cairo:271:5
    _s005// Step 2.0: ordinary component 0 (size=3)
    ^^^^^
note: this error originates in the attribute macro: `test`

error: Missing semicolon
 --> /home/cactussediento/Proyectos/zkminestark/contracts/zkmine_2g/src/tests/test_ve_phase8_combined.cairo:271:10
    _s005// Step 2.0: ordinary component 0 (size=3)
         ^
note: this error originates in the attribute macro: `test`

error[E0006]: Identifier not found.
 --> /home/cactussediento/Proyectos/zkminestark/contracts/zkmine_2g/src/tests/test_ve_phase8_combined.cairo:276:5
    _s005// Step 3.1: ordinary component 1 (size=8)
    ^^^^^
note: this error originates in the attribute macro: `test`

error: Missing semicolon
 --> /home/cactussediento/Proyectos/zkminestark/contracts/zkmine_2g/src/tests/test_ve_phase8_combined.cairo:276:10
    _s005// Step 3.1: ordinary component 1 (size=8)
         ^
note: this error originates in the attribute macro: `test`

error[E0006]: Identifier not found.
 --> /home/cactussediento/Proyectos/zkminestark/contracts/zkmine_2g/src/tests/test_ve_phase8_combined.cairo:281:5
    _s005// Step 3.2: ordinary component 2 (size=5)
    ^^^^^
note: this error originates in the attribute macro: `test`

error: Missing semicolon
 --> /home/cactussediento/Proyectos/zkminestark/contracts/zkmine_2g/src/tests/test_ve_phase8_combined.cairo:281:10
    _s005// Step 3.2: ordinary component 2 (size=5)
         ^
note: this error originates in the attribute macro: `test`

error[E0006]: Identifier not found.
 --> /home/cactussediento/Proyectos/zkminestark/contracts/zkmine_2g/src/tests/test_ve_phase8_combined.cairo:286:5
    _s005// Step 3.3: ordinary component 3 (size=17)
    ^^^^^
note: this error originates in the attribute macro: `test`

error: Missing semicolon
 --> /home/cactussediento/Proyectos/zkminestark/contracts/zkmine_2g/src/tests/test_ve_phase8_combined.cairo:286:10
    _s005// Step 3.3: ordinary component 3 (size=17)
         ^
note: this error originates in the attribute macro: `test`

error[E0006]: Identifier not found.
 --> /home/cactussediento/Proyectos/zkminestark/contracts/zkmine_2g/src/tests/test_ve_phase8_combined.cairo:291:5
    _s005// Step 3.4: ordinary component 4 (size=8)
    ^^^^^
note: this error originates in the attribute macro: `test`

error: Missing semicolon
 --> /home/cactussediento/Proyectos/zkminestark/contracts/zkmine_2g/src/tests/test_ve_phase8_combined.cairo:291:10
    _s005// Step 3.4: ordinary component 4 (size=8)
         ^
note: this error originates in the attribute macro: `test`

error[E0006]: Identifier not found.
 --> /home/cactussediento/Proyectos/zkminestark/contracts/zkmine_2g/src/tests/test_ve_phase8_combined.cairo:296:5
    _s005// Step 3.5: ordinary component 5 (size=5)
    ^^^^^
note: this error originates in the attribute macro: `test`

error: Missing semicolon
 --> /home/cactussediento/Proyectos/zkminestark/contracts/zkmine_2g/src/tests/test_ve_phase8_combined.cairo:296:10
    _s005// Step 3.5: ordinary component 5 (size=5)
         ^
note: this error originates in the attribute macro: `test`

error[E0006]: Identifier not found.
 --> /home/cactussediento/Proyectos/zkminestark/contracts/zkmine_2g/src/tests/test_ve_phase8_combined.cairo:301:5
    _s005// Step 3.6: ordinary component 6 (size=3)
    ^^^^^
note: this error originates in the attribute macro: `test`

error: Missing semicolon
 --> /home/cactussediento/Proyectos/zkminestark/contracts/zkmine_2g/src/tests/test_ve_phase8_combined.cairo:301:10
    _s005// Step 3.6: ordinary component 6 (size=3)
         ^
note: this error originates in the attribute macro: `test`

error[E0006]: Identifier not found.
 --> /home/cactussediento/Proyectos/zkminestark/contracts/zkmine_2g/src/tests/test_ve_phase8_combined.cairo:310:5
    _s006// Step 1: joint VE on special component 0 (size=15 width=6)
    ^^^^^
note: this error originates in the attribute macro: `test`

error: Missing semicolon
 --> /home/cactussediento/Proyectos/zkminestark/contracts/zkmine_2g/src/tests/test_ve_phase8_combined.cairo:310:10
    _s006// Step 1: joint VE on special component 0 (size=15 width=6)
         ^
note: this error originates in the attribute macro: `test`

error[E0006]: Identifier not found.
 --> /home/cactussediento/Proyectos/zkminestark/contracts/zkmine_2g/src/tests/test_ve_phase8_combined.cairo:317:5
    _s006// Step 2.0: ordinary component 0 (size=3)
    ^^^^^
note: this error originates in the attribute macro: `test`

error: Missing semicolon
 --> /home/cactussediento/Proyectos/zkminestark/contracts/zkmine_2g/src/tests/test_ve_phase8_combined.cairo:317:10
    _s006// Step 2.0: ordinary component 0 (size=3)
         ^
note: this error originates in the attribute macro: `test`

error[E0006]: Identifier not found.
 --> /home/cactussediento/Proyectos/zkminestark/contracts/zkmine_2g/src/tests/test_ve_phase8_combined.cairo:322:5
    _s006// Step 3.1: ordinary component 1 (size=8)
    ^^^^^
note: this error originates in the attribute macro: `test`

error: Missing semicolon
 --> /home/cactussediento/Proyectos/zkminestark/contracts/zkmine_2g/src/tests/test_ve_phase8_combined.cairo:322:10
    _s006// Step 3.1: ordinary component 1 (size=8)
         ^
note: this error originates in the attribute macro: `test`

error[E0006]: Identifier not found.
 --> /home/cactussediento/Proyectos/zkminestark/contracts/zkmine_2g/src/tests/test_ve_phase8_combined.cairo:327:5
    _s006// Step 3.2: ordinary component 2 (size=5)
    ^^^^^
note: this error originates in the attribute macro: `test`

error: Missing semicolon
 --> /home/cactussediento/Proyectos/zkminestark/contracts/zkmine_2g/src/tests/test_ve_phase8_combined.cairo:327:10
    _s006// Step 3.2: ordinary component 2 (size=5)
         ^
note: this error originates in the attribute macro: `test`

error[E0006]: Identifier not found.
 --> /home/cactussediento/Proyectos/zkminestark/contracts/zkmine_2g/src/tests/test_ve_phase8_combined.cairo:332:5
    _s006// Step 3.3: ordinary component 3 (size=17)
    ^^^^^
note: this error originates in the attribute macro: `test`

error: Missing semicolon
 --> /home/cactussediento/Proyectos/zkminestark/contracts/zkmine_2g/src/tests/test_ve_phase8_combined.cairo:332:10
    _s006// Step 3.3: ordinary component 3 (size=17)
         ^
note: this error originates in the attribute macro: `test`

error[E0006]: Identifier not found.
 --> /home/cactussediento/Proyectos/zkminestark/contracts/zkmine_2g/src/tests/test_ve_phase8_combined.cairo:337:5
    _s006// Step 3.4: ordinary component 4 (size=8)
    ^^^^^
note: this error originates in the attribute macro: `test`

error: Missing semicolon
 --> /home/cactussediento/Proyectos/zkminestark/contracts/zkmine_2g/src/tests/test_ve_phase8_combined.cairo:337:10
    _s006// Step 3.4: ordinary component 4 (size=8)
         ^
note: this error originates in the attribute macro: `test`

error[E0006]: Identifier not found.
 --> /home/cactussediento/Proyectos/zkminestark/contracts/zkmine_2g/src/tests/test_ve_phase8_combined.cairo:342:5
    _s006// Step 3.5: ordinary component 5 (size=5)
    ^^^^^
note: this error originates in the attribute macro: `test`

error: Missing semicolon
 --> /home/cactussediento/Proyectos/zkminestark/contracts/zkmine_2g/src/tests/test_ve_phase8_combined.cairo:342:10
    _s006// Step 3.5: ordinary component 5 (size=5)
         ^
note: this error originates in the attribute macro: `test`

error[E0006]: Identifier not found.
 --> /home/cactussediento/Proyectos/zkminestark/contracts/zkmine_2g/src/tests/test_ve_phase8_combined.cairo:347:5
    _s006// Step 3.6: ordinary component 6 (size=3)
    ^^^^^
note: this error originates in the attribute macro: `test`

error: Missing semicolon
 --> /home/cactussediento/Proyectos/zkminestark/contracts/zkmine_2g/src/tests/test_ve_phase8_combined.cairo:347:10
    _s006// Step 3.6: ordinary component 6 (size=3)
         ^
note: this error originates in the attribute macro: `test`

error[E0006]: Identifier not found.
 --> /home/cactussediento/Proyectos/zkminestark/contracts/zkmine_2g/src/tests/test_ve_phase8_combined.cairo:356:5
    _s007// Step 1: joint VE on special component 0 (size=15 width=6)
    ^^^^^
note: this error originates in the attribute macro: `test`

error: Missing semicolon
 --> /home/cactussediento/Proyectos/zkminestark/contracts/zkmine_2g/src/tests/test_ve_phase8_combined.cairo:356:10
    _s007// Step 1: joint VE on special component 0 (size=15 width=6)
         ^
note: this error originates in the attribute macro: `test`

error[E0006]: Identifier not found.
 --> /home/cactussediento/Proyectos/zkminestark/contracts/zkmine_2g/src/tests/test_ve_phase8_combined.cairo:363:5
    _s007// Step 2.0: ordinary component 0 (size=3)
    ^^^^^
note: this error originates in the attribute macro: `test`

error: Missing semicolon
 --> /home/cactussediento/Proyectos/zkminestark/contracts/zkmine_2g/src/tests/test_ve_phase8_combined.cairo:363:10
    _s007// Step 2.0: ordinary component 0 (size=3)
         ^
note: this error originates in the attribute macro: `test`

error[E0006]: Identifier not found.
 --> /home/cactussediento/Proyectos/zkminestark/contracts/zkmine_2g/src/tests/test_ve_phase8_combined.cairo:368:5
    _s007// Step 3.1: ordinary component 1 (size=8)
    ^^^^^
note: this error originates in the attribute macro: `test`

error: Missing semicolon
 --> /home/cactussediento/Proyectos/zkminestark/contracts/zkmine_2g/src/tests/test_ve_phase8_combined.cairo:368:10
    _s007// Step 3.1: ordinary component 1 (size=8)
         ^
note: this error originates in the attribute macro: `test`

error[E0006]: Identifier not found.
 --> /home/cactussediento/Proyectos/zkminestark/contracts/zkmine_2g/src/tests/test_ve_phase8_combined.cairo:373:5
    _s007// Step 3.2: ordinary component 2 (size=5)
    ^^^^^
note: this error originates in the attribute macro: `test`

error: Missing semicolon
 --> /home/cactussediento/Proyectos/zkminestark/contracts/zkmine_2g/src/tests/test_ve_phase8_combined.cairo:373:10
    _s007// Step 3.2: ordinary component 2 (size=5)
         ^
note: this error originates in the attribute macro: `test`

error[E0006]: Identifier not found.
 --> /home/cactussediento/Proyectos/zkminestark/contracts/zkmine_2g/src/tests/test_ve_phase8_combined.cairo:378:5
    _s007// Step 3.3: ordinary component 3 (size=17)
    ^^^^^
note: this error originates in the attribute macro: `test`

error: Missing semicolon
 --> /home/cactussediento/Proyectos/zkminestark/contracts/zkmine_2g/src/tests/test_ve_phase8_combined.cairo:378:10
    _s007// Step 3.3: ordinary component 3 (size=17)
         ^
note: this error originates in the attribute macro: `test`

error[E0006]: Identifier not found.
 --> /home/cactussediento/Proyectos/zkminestark/contracts/zkmine_2g/src/tests/test_ve_phase8_combined.cairo:383:5
    _s007// Step 3.4: ordinary component 4 (size=8)
    ^^^^^
note: this error originates in the attribute macro: `test`

error: Missing semicolon
 --> /home/cactussediento/Proyectos/zkminestark/contracts/zkmine_2g/src/tests/test_ve_phase8_combined.cairo:383:10
    _s007// Step 3.4: ordinary component 4 (size=8)
         ^
note: this error originates in the attribute macro: `test`

error[E0006]: Identifier not found.
 --> /home/cactussediento/Proyectos/zkminestark/contracts/zkmine_2g/src/tests/test_ve_phase8_combined.cairo:388:5
    _s007// Step 3.5: ordinary component 5 (size=5)
    ^^^^^
note: this error originates in the attribute macro: `test`

error: Missing semicolon
 --> /home/cactussediento/Proyectos/zkminestark/contracts/zkmine_2g/src/tests/test_ve_phase8_combined.cairo:388:10
    _s007// Step 3.5: ordinary component 5 (size=5)
         ^
note: this error originates in the attribute macro: `test`

error[E0006]: Identifier not found.
 --> /home/cactussediento/Proyectos/zkminestark/contracts/zkmine_2g/src/tests/test_ve_phase8_combined.cairo:393:5
    _s007// Step 3.6: ordinary component 6 (size=3)
    ^^^^^
note: this error originates in the attribute macro: `test`

error: Missing semicolon
 --> /home/cactussediento/Proyectos/zkminestark/contracts/zkmine_2g/src/tests/test_ve_phase8_combined.cairo:393:10
    _s007// Step 3.6: ordinary component 6 (size=3)
         ^
note: this error originates in the attribute macro: `test`

error[E0006]: Identifier not found.
 --> /home/cactussediento/Proyectos/zkminestark/contracts/zkmine_2g/src/tests/test_ve_phase8_combined.cairo:398:5
    _s007// Step 10: unconstrained local (neighbors=3)
    ^^^^^
note: this error originates in the attribute macro: `test`

error: Missing semicolon
 --> /home/cactussediento/Proyectos/zkminestark/contracts/zkmine_2g/src/tests/test_ve_phase8_combined.cairo:398:10
    _s007// Step 10: unconstrained local (neighbors=3)
         ^
note: this error originates in the attribute macro: `test`

error[E0006]: Identifier not found.
 --> /home/cactussediento/Proyectos/zkminestark/contracts/zkmine_2g/src/tests/test_ve_phase8_combined.cairo:404:5
    _s008// Step 1: joint VE on special component 0 (size=18 width=6)
    ^^^^^
note: this error originates in the attribute macro: `test`

error: Missing semicolon
 --> /home/cactussediento/Proyectos/zkminestark/contracts/zkmine_2g/src/tests/test_ve_phase8_combined.cairo:404:10
    _s008// Step 1: joint VE on special component 0 (size=18 width=6)
         ^
note: this error originates in the attribute macro: `test`

error[E0006]: Identifier not found.
 --> /home/cactussediento/Proyectos/zkminestark/contracts/zkmine_2g/src/tests/test_ve_phase8_combined.cairo:411:5
    _s008// Step 2.0: ordinary component 0 (size=3)
    ^^^^^
note: this error originates in the attribute macro: `test`

error: Missing semicolon
 --> /home/cactussediento/Proyectos/zkminestark/contracts/zkmine_2g/src/tests/test_ve_phase8_combined.cairo:411:10
    _s008// Step 2.0: ordinary component 0 (size=3)
         ^
note: this error originates in the attribute macro: `test`

error[E0006]: Identifier not found.
 --> /home/cactussediento/Proyectos/zkminestark/contracts/zkmine_2g/src/tests/test_ve_phase8_combined.cairo:416:5
    _s008// Step 3.1: ordinary component 1 (size=8)
    ^^^^^
note: this error originates in the attribute macro: `test`

error: Missing semicolon
 --> /home/cactussediento/Proyectos/zkminestark/contracts/zkmine_2g/src/tests/test_ve_phase8_combined.cairo:416:10
    _s008// Step 3.1: ordinary component 1 (size=8)
         ^
note: this error originates in the attribute macro: `test`

error[E0006]: Identifier not found.
 --> /home/cactussediento/Proyectos/zkminestark/contracts/zkmine_2g/src/tests/test_ve_phase8_combined.cairo:421:5
    _s008// Step 3.2: ordinary component 2 (size=5)
    ^^^^^
note: this error originates in the attribute macro: `test`

error: Missing semicolon
 --> /home/cactussediento/Proyectos/zkminestark/contracts/zkmine_2g/src/tests/test_ve_phase8_combined.cairo:421:10
    _s008// Step 3.2: ordinary component 2 (size=5)
         ^
note: this error originates in the attribute macro: `test`

error[E0006]: Identifier not found.
 --> /home/cactussediento/Proyectos/zkminestark/contracts/zkmine_2g/src/tests/test_ve_phase8_combined.cairo:426:5
    _s008// Step 3.3: ordinary component 3 (size=17)
    ^^^^^
note: this error originates in the attribute macro: `test`

error: Missing semicolon
 --> /home/cactussediento/Proyectos/zkminestark/contracts/zkmine_2g/src/tests/test_ve_phase8_combined.cairo:426:10
    _s008// Step 3.3: ordinary component 3 (size=17)
         ^
note: this error originates in the attribute macro: `test`

error[E0006]: Identifier not found.
 --> /home/cactussediento/Proyectos/zkminestark/contracts/zkmine_2g/src/tests/test_ve_phase8_combined.cairo:431:5
    _s008// Step 3.4: ordinary component 4 (size=8)
    ^^^^^
note: this error originates in the attribute macro: `test`

error: Missing semicolon
 --> /home/cactussediento/Proyectos/zkminestark/contracts/zkmine_2g/src/tests/test_ve_phase8_combined.cairo:431:10
    _s008// Step 3.4: ordinary component 4 (size=8)
         ^
note: this error originates in the attribute macro: `test`

error[E0006]: Identifier not found.
 --> /home/cactussediento/Proyectos/zkminestark/contracts/zkmine_2g/src/tests/test_ve_phase8_combined.cairo:436:5
    _s008// Step 3.5: ordinary component 5 (size=5)
    ^^^^^
note: this error originates in the attribute macro: `test`

error: Missing semicolon
 --> /home/cactussediento/Proyectos/zkminestark/contracts/zkmine_2g/src/tests/test_ve_phase8_combined.cairo:436:10
    _s008// Step 3.5: ordinary component 5 (size=5)
         ^
note: this error originates in the attribute macro: `test`

error[E0006]: Identifier not found.
 --> /home/cactussediento/Proyectos/zkminestark/contracts/zkmine_2g/src/tests/test_ve_phase8_combined.cairo:441:5
    _s008// Step 3.6: ordinary component 6 (size=3)
    ^^^^^
note: this error originates in the attribute macro: `test`

error: Missing semicolon
 --> /home/cactussediento/Proyectos/zkminestark/contracts/zkmine_2g/src/tests/test_ve_phase8_combined.cairo:441:10
    _s008// Step 3.6: ordinary component 6 (size=3)
         ^
note: this error originates in the attribute macro: `test`

error[E0006]: Identifier not found.
 --> /home/cactussediento/Proyectos/zkminestark/contracts/zkmine_2g/src/tests/test_ve_phase8_combined.cairo:446:5
    _s008// Step 10: unconstrained local (neighbors=1)
    ^^^^^
note: this error originates in the attribute macro: `test`

error: Missing semicolon
 --> /home/cactussediento/Proyectos/zkminestark/contracts/zkmine_2g/src/tests/test_ve_phase8_combined.cairo:446:10
    _s008// Step 10: unconstrained local (neighbors=1)
         ^
note: this error originates in the attribute macro: `test`

error[E0006]: Identifier not found.
 --> /home/cactussediento/Proyectos/zkminestark/contracts/zkmine_2g/src/tests/test_ve_phase8_combined.cairo:452:5
    _s009// Step 1: joint VE on special component 0 (size=19 width=6)
    ^^^^^
note: this error originates in the attribute macro: `test`

error: Missing semicolon
 --> /home/cactussediento/Proyectos/zkminestark/contracts/zkmine_2g/src/tests/test_ve_phase8_combined.cairo:452:10
    _s009// Step 1: joint VE on special component 0 (size=19 width=6)
         ^
note: this error originates in the attribute macro: `test`

error[E0006]: Identifier not found.
 --> /home/cactussediento/Proyectos/zkminestark/contracts/zkmine_2g/src/tests/test_ve_phase8_combined.cairo:459:5
    _s009// Step 2.0: ordinary component 0 (size=3)
    ^^^^^
note: this error originates in the attribute macro: `test`

error: Missing semicolon
 --> /home/cactussediento/Proyectos/zkminestark/contracts/zkmine_2g/src/tests/test_ve_phase8_combined.cairo:459:10
    _s009// Step 2.0: ordinary component 0 (size=3)
         ^
note: this error originates in the attribute macro: `test`

error[E0006]: Identifier not found.
 --> /home/cactussediento/Proyectos/zkminestark/contracts/zkmine_2g/src/tests/test_ve_phase8_combined.cairo:464:5
    _s009// Step 3.1: ordinary component 1 (size=8)
    ^^^^^
note: this error originates in the attribute macro: `test`

error: Missing semicolon
 --> /home/cactussediento/Proyectos/zkminestark/contracts/zkmine_2g/src/tests/test_ve_phase8_combined.cairo:464:10
    _s009// Step 3.1: ordinary component 1 (size=8)
         ^
note: this error originates in the attribute macro: `test`

error[E0006]: Identifier not found.
 --> /home/cactussediento/Proyectos/zkminestark/contracts/zkmine_2g/src/tests/test_ve_phase8_combined.cairo:469:5
    _s009// Step 3.2: ordinary component 2 (size=5)
    ^^^^^
note: this error originates in the attribute macro: `test`

error: Missing semicolon
 --> /home/cactussediento/Proyectos/zkminestark/contracts/zkmine_2g/src/tests/test_ve_phase8_combined.cairo:469:10
    _s009// Step 3.2: ordinary component 2 (size=5)
         ^
note: this error originates in the attribute macro: `test`

error[E0006]: Identifier not found.
 --> /home/cactussediento/Proyectos/zkminestark/contracts/zkmine_2g/src/tests/test_ve_phase8_combined.cairo:474:5
    _s009// Step 3.3: ordinary component 3 (size=17)
    ^^^^^
note: this error originates in the attribute macro: `test`

error: Missing semicolon
 --> /home/cactussediento/Proyectos/zkminestark/contracts/zkmine_2g/src/tests/test_ve_phase8_combined.cairo:474:10
    _s009// Step 3.3: ordinary component 3 (size=17)
         ^
note: this error originates in the attribute macro: `test`

error[E0006]: Identifier not found.
 --> /home/cactussediento/Proyectos/zkminestark/contracts/zkmine_2g/src/tests/test_ve_phase8_combined.cairo:479:5
    _s009// Step 3.4: ordinary component 4 (size=8)
    ^^^^^
note: this error originates in the attribute macro: `test`

error: Missing semicolon
 --> /home/cactussediento/Proyectos/zkminestark/contracts/zkmine_2g/src/tests/test_ve_phase8_combined.cairo:479:10
    _s009// Step 3.4: ordinary component 4 (size=8)
         ^
note: this error originates in the attribute macro: `test`

error[E0006]: Identifier not found.
 --> /home/cactussediento/Proyectos/zkminestark/contracts/zkmine_2g/src/tests/test_ve_phase8_combined.cairo:484:5
    _s009// Step 3.5: ordinary component 5 (size=5)
    ^^^^^
note: this error originates in the attribute macro: `test`

error: Missing semicolon
 --> /home/cactussediento/Proyectos/zkminestark/contracts/zkmine_2g/src/tests/test_ve_phase8_combined.cairo:484:10
    _s009// Step 3.5: ordinary component 5 (size=5)
         ^
note: this error originates in the attribute macro: `test`

error[E0006]: Identifier not found.
 --> /home/cactussediento/Proyectos/zkminestark/contracts/zkmine_2g/src/tests/test_ve_phase8_combined.cairo:489:5
    _s009// Step 3.6: ordinary component 6 (size=3)
    ^^^^^
note: this error originates in the attribute macro: `test`

error: Missing semicolon
 --> /home/cactussediento/Proyectos/zkminestark/contracts/zkmine_2g/src/tests/test_ve_phase8_combined.cairo:489:10
    _s009// Step 3.6: ordinary component 6 (size=3)
         ^
note: this error originates in the attribute macro: `test`

error[E0006]: Identifier not found.
 --> /home/cactussediento/Proyectos/zkminestark/contracts/zkmine_2g/src/tests/test_ve_phase8_combined.cairo:494:5
    _s009// Step 10: unconstrained local (neighbors=1)
    ^^^^^
note: this error originates in the attribute macro: `test`

error: Missing semicolon
 --> /home/cactussediento/Proyectos/zkminestark/contracts/zkmine_2g/src/tests/test_ve_phase8_combined.cairo:494:10
    _s009// Step 10: unconstrained local (neighbors=1)
         ^
note: this error originates in the attribute macro: `test`

error[E0006]: Identifier not found.
 --> /home/cactussediento/Proyectos/zkminestark/contracts/zkmine_2g/src/tests/test_ve_phase8_combined.cairo:500:5
    _s010// Step 1: joint VE on special component 0 (size=20 width=6)
    ^^^^^
note: this error originates in the attribute macro: `test`

error: Missing semicolon
 --> /home/cactussediento/Proyectos/zkminestark/contracts/zkmine_2g/src/tests/test_ve_phase8_combined.cairo:500:10
    _s010// Step 1: joint VE on special component 0 (size=20 width=6)
         ^
note: this error originates in the attribute macro: `test`

error[E0006]: Identifier not found.
 --> /home/cactussediento/Proyectos/zkminestark/contracts/zkmine_2g/src/tests/test_ve_phase8_combined.cairo:506:5
    _s010// Step 2: joint VE on special component 1 (size=3 width=2)
    ^^^^^
note: this error originates in the attribute macro: `test`

error: Missing semicolon
 --> /home/cactussediento/Proyectos/zkminestark/contracts/zkmine_2g/src/tests/test_ve_phase8_combined.cairo:506:10
    _s010// Step 2: joint VE on special component 1 (size=3 width=2)
         ^
note: this error originates in the attribute macro: `test`

error[E0006]: Identifier not found.
 --> /home/cactussediento/Proyectos/zkminestark/contracts/zkmine_2g/src/tests/test_ve_phase8_combined.cairo:513:5
    _s010// Step 3.0: ordinary component 0 (size=8)
    ^^^^^
note: this error originates in the attribute macro: `test`

error: Missing semicolon
 --> /home/cactussediento/Proyectos/zkminestark/contracts/zkmine_2g/src/tests/test_ve_phase8_combined.cairo:513:10
    _s010// Step 3.0: ordinary component 0 (size=8)
         ^
note: this error originates in the attribute macro: `test`

error[E0006]: Identifier not found.
 --> /home/cactussediento/Proyectos/zkminestark/contracts/zkmine_2g/src/tests/test_ve_phase8_combined.cairo:518:5
    _s010// Step 4.1: ordinary component 1 (size=5)
    ^^^^^
note: this error originates in the attribute macro: `test`

error: Missing semicolon
 --> /home/cactussediento/Proyectos/zkminestark/contracts/zkmine_2g/src/tests/test_ve_phase8_combined.cairo:518:10
    _s010// Step 4.1: ordinary component 1 (size=5)
         ^
note: this error originates in the attribute macro: `test`

error[E0006]: Identifier not found.
 --> /home/cactussediento/Proyectos/zkminestark/contracts/zkmine_2g/src/tests/test_ve_phase8_combined.cairo:523:5
    _s010// Step 4.2: ordinary component 2 (size=17)
    ^^^^^
note: this error originates in the attribute macro: `test`

error: Missing semicolon
 --> /home/cactussediento/Proyectos/zkminestark/contracts/zkmine_2g/src/tests/test_ve_phase8_combined.cairo:523:10
    _s010// Step 4.2: ordinary component 2 (size=17)
         ^
note: this error originates in the attribute macro: `test`

error[E0006]: Identifier not found.
 --> /home/cactussediento/Proyectos/zkminestark/contracts/zkmine_2g/src/tests/test_ve_phase8_combined.cairo:528:5
    _s010// Step 4.3: ordinary component 3 (size=8)
    ^^^^^
note: this error originates in the attribute macro: `test`

error: Missing semicolon
 --> /home/cactussediento/Proyectos/zkminestark/contracts/zkmine_2g/src/tests/test_ve_phase8_combined.cairo:528:10
    _s010// Step 4.3: ordinary component 3 (size=8)
         ^
note: this error originates in the attribute macro: `test`

error[E0006]: Identifier not found.
 --> /home/cactussediento/Proyectos/zkminestark/contracts/zkmine_2g/src/tests/test_ve_phase8_combined.cairo:533:5
    _s010// Step 4.4: ordinary component 4 (size=5)
    ^^^^^
note: this error originates in the attribute macro: `test`

error: Missing semicolon
 --> /home/cactussediento/Proyectos/zkminestark/contracts/zkmine_2g/src/tests/test_ve_phase8_combined.cairo:533:10
    _s010// Step 4.4: ordinary component 4 (size=5)
         ^
note: this error originates in the attribute macro: `test`

error[E0006]: Identifier not found.
 --> /home/cactussediento/Proyectos/zkminestark/contracts/zkmine_2g/src/tests/test_ve_phase8_combined.cairo:538:5
    _s010// Step 4.5: ordinary component 5 (size=3)
    ^^^^^
note: this error originates in the attribute macro: `test`

error: Missing semicolon
 --> /home/cactussediento/Proyectos/zkminestark/contracts/zkmine_2g/src/tests/test_ve_phase8_combined.cairo:538:10
    _s010// Step 4.5: ordinary component 5 (size=3)
         ^
note: this error originates in the attribute macro: `test`

error[E0006]: Identifier not found.
 --> /home/cactussediento/Proyectos/zkminestark/contracts/zkmine_2g/src/tests/test_ve_phase8_combined.cairo:543:5
    _s010// Step 10: unconstrained local (neighbors=1)
    ^^^^^
note: this error originates in the attribute macro: `test`

error: Missing semicolon
 --> /home/cactussediento/Proyectos/zkminestark/contracts/zkmine_2g/src/tests/test_ve_phase8_combined.cairo:543:10
    _s010// Step 10: unconstrained local (neighbors=1)
         ^
note: this error originates in the attribute macro: `test`

error[E0006]: Identifier not found.
 --> /home/cactussediento/Proyectos/zkminestark/contracts/zkmine_2g/src/tests/test_ve_phase8_combined.cairo:549:5
    _s011// Step 1: joint VE on special component 0 (size=13 width=4)
    ^^^^^
note: this error originates in the attribute macro: `test`

error: Missing semicolon
 --> /home/cactussediento/Proyectos/zkminestark/contracts/zkmine_2g/src/tests/test_ve_phase8_combined.cairo:549:10
    _s011// Step 1: joint VE on special component 0 (size=13 width=4)
         ^
note: this error originates in the attribute macro: `test`

error[E0006]: Identifier not found.
 --> /home/cactussediento/Proyectos/zkminestark/contracts/zkmine_2g/src/tests/test_ve_phase8_combined.cairo:556:5
    _s011// Step 2.0: ordinary component 0 (size=5)
    ^^^^^
note: this error originates in the attribute macro: `test`

error: Missing semicolon
 --> /home/cactussediento/Proyectos/zkminestark/contracts/zkmine_2g/src/tests/test_ve_phase8_combined.cairo:556:10
    _s011// Step 2.0: ordinary component 0 (size=5)
         ^
note: this error originates in the attribute macro: `test`

error[E0006]: Identifier not found.
 --> /home/cactussediento/Proyectos/zkminestark/contracts/zkmine_2g/src/tests/test_ve_phase8_combined.cairo:561:5
    _s011// Step 3.1: ordinary component 1 (size=8)
    ^^^^^
note: this error originates in the attribute macro: `test`

error: Missing semicolon
 --> /home/cactussediento/Proyectos/zkminestark/contracts/zkmine_2g/src/tests/test_ve_phase8_combined.cairo:561:10
    _s011// Step 3.1: ordinary component 1 (size=8)
         ^
note: this error originates in the attribute macro: `test`

error[E0006]: Identifier not found.
 --> /home/cactussediento/Proyectos/zkminestark/contracts/zkmine_2g/src/tests/test_ve_phase8_combined.cairo:566:5
    _s011// Step 3.2: ordinary component 2 (size=5)
    ^^^^^
note: this error originates in the attribute macro: `test`

error: Missing semicolon
 --> /home/cactussediento/Proyectos/zkminestark/contracts/zkmine_2g/src/tests/test_ve_phase8_combined.cairo:566:10
    _s011// Step 3.2: ordinary component 2 (size=5)
         ^
note: this error originates in the attribute macro: `test`

error[E0006]: Identifier not found.
 --> /home/cactussediento/Proyectos/zkminestark/contracts/zkmine_2g/src/tests/test_ve_phase8_combined.cairo:571:5
    _s011// Step 3.3: ordinary component 3 (size=17)
    ^^^^^
note: this error originates in the attribute macro: `test`

error: Missing semicolon
 --> /home/cactussediento/Proyectos/zkminestark/contracts/zkmine_2g/src/tests/test_ve_phase8_combined.cairo:571:10
    _s011// Step 3.3: ordinary component 3 (size=17)
         ^
note: this error originates in the attribute macro: `test`

error[E0006]: Identifier not found.
 --> /home/cactussediento/Proyectos/zkminestark/contracts/zkmine_2g/src/tests/test_ve_phase8_combined.cairo:576:5
    _s011// Step 3.4: ordinary component 4 (size=8)
    ^^^^^
note: this error originates in the attribute macro: `test`

error: Missing semicolon
 --> /home/cactussediento/Proyectos/zkminestark/contracts/zkmine_2g/src/tests/test_ve_phase8_combined.cairo:576:10
    _s011// Step 3.4: ordinary component 4 (size=8)
         ^
note: this error originates in the attribute macro: `test`

error[E0006]: Identifier not found.
 --> /home/cactussediento/Proyectos/zkminestark/contracts/zkmine_2g/src/tests/test_ve_phase8_combined.cairo:581:5
    _s011// Step 3.5: ordinary component 5 (size=5)
    ^^^^^
note: this error originates in the attribute macro: `test`

error: Missing semicolon
 --> /home/cactussediento/Proyectos/zkminestark/contracts/zkmine_2g/src/tests/test_ve_phase8_combined.cairo:581:10
    _s011// Step 3.5: ordinary component 5 (size=5)
         ^
note: this error originates in the attribute macro: `test`

error[E0006]: Identifier not found.
 --> /home/cactussediento/Proyectos/zkminestark/contracts/zkmine_2g/src/tests/test_ve_phase8_combined.cairo:586:5
    _s011// Step 3.6: ordinary component 6 (size=3)
    ^^^^^
note: this error originates in the attribute macro: `test`

error: Missing semicolon
 --> /home/cactussediento/Proyectos/zkminestark/contracts/zkmine_2g/src/tests/test_ve_phase8_combined.cairo:586:10
    _s011// Step 3.6: ordinary component 6 (size=3)
         ^
note: this error originates in the attribute macro: `test`

error[E0006]: Identifier not found.
 --> /home/cactussediento/Proyectos/zkminestark/contracts/zkmine_2g/src/tests/test_ve_phase8_combined.cairo:595:5
    _s012// Step 1: joint VE on special component 0 (size=13 width=4)
    ^^^^^
note: this error originates in the attribute macro: `test`

error: Missing semicolon
 --> /home/cactussediento/Proyectos/zkminestark/contracts/zkmine_2g/src/tests/test_ve_phase8_combined.cairo:595:10
    _s012// Step 1: joint VE on special component 0 (size=13 width=4)
         ^
note: this error originates in the attribute macro: `test`

error[E0006]: Identifier not found.
 --> /home/cactussediento/Proyectos/zkminestark/contracts/zkmine_2g/src/tests/test_ve_phase8_combined.cairo:602:5
    _s012// Step 2.0: ordinary component 0 (size=5)
    ^^^^^
note: this error originates in the attribute macro: `test`

error: Missing semicolon
 --> /home/cactussediento/Proyectos/zkminestark/contracts/zkmine_2g/src/tests/test_ve_phase8_combined.cairo:602:10
    _s012// Step 2.0: ordinary component 0 (size=5)
         ^
note: this error originates in the attribute macro: `test`

error[E0006]: Identifier not found.
 --> /home/cactussediento/Proyectos/zkminestark/contracts/zkmine_2g/src/tests/test_ve_phase8_combined.cairo:607:5
    _s012// Step 3.1: ordinary component 1 (size=8)
    ^^^^^
note: this error originates in the attribute macro: `test`

error: Missing semicolon
 --> /home/cactussediento/Proyectos/zkminestark/contracts/zkmine_2g/src/tests/test_ve_phase8_combined.cairo:607:10
    _s012// Step 3.1: ordinary component 1 (size=8)
         ^
note: this error originates in the attribute macro: `test`

error[E0006]: Identifier not found.
 --> /home/cactussediento/Proyectos/zkminestark/contracts/zkmine_2g/src/tests/test_ve_phase8_combined.cairo:612:5
    _s012// Step 3.2: ordinary component 2 (size=5)
    ^^^^^
note: this error originates in the attribute macro: `test`

error: Missing semicolon
 --> /home/cactussediento/Proyectos/zkminestark/contracts/zkmine_2g/src/tests/test_ve_phase8_combined.cairo:612:10
    _s012// Step 3.2: ordinary component 2 (size=5)
         ^
note: this error originates in the attribute macro: `test`

error[E0006]: Identifier not found.
 --> /home/cactussediento/Proyectos/zkminestark/contracts/zkmine_2g/src/tests/test_ve_phase8_combined.cairo:617:5
    _s012// Step 3.3: ordinary component 3 (size=17)
    ^^^^^
note: this error originates in the attribute macro: `test`

error: Missing semicolon
 --> /home/cactussediento/Proyectos/zkminestark/contracts/zkmine_2g/src/tests/test_ve_phase8_combined.cairo:617:10
    _s012// Step 3.3: ordinary component 3 (size=17)
         ^
note: this error originates in the attribute macro: `test`

error[E0006]: Identifier not found.
 --> /home/cactussediento/Proyectos/zkminestark/contracts/zkmine_2g/src/tests/test_ve_phase8_combined.cairo:622:5
    _s012// Step 3.4: ordinary component 4 (size=8)
    ^^^^^
note: this error originates in the attribute macro: `test`

error: Missing semicolon
 --> /home/cactussediento/Proyectos/zkminestark/contracts/zkmine_2g/src/tests/test_ve_phase8_combined.cairo:622:10
    _s012// Step 3.4: ordinary component 4 (size=8)
         ^
note: this error originates in the attribute macro: `test`

error[E0006]: Identifier not found.
 --> /home/cactussediento/Proyectos/zkminestark/contracts/zkmine_2g/src/tests/test_ve_phase8_combined.cairo:627:5
    _s012// Step 3.5: ordinary component 5 (size=5)
    ^^^^^
note: this error originates in the attribute macro: `test`

error: Missing semicolon
 --> /home/cactussediento/Proyectos/zkminestark/contracts/zkmine_2g/src/tests/test_ve_phase8_combined.cairo:627:10
    _s012// Step 3.5: ordinary component 5 (size=5)
         ^
note: this error originates in the attribute macro: `test`

error[E0006]: Identifier not found.
 --> /home/cactussediento/Proyectos/zkminestark/contracts/zkmine_2g/src/tests/test_ve_phase8_combined.cairo:632:5
    _s012// Step 3.6: ordinary component 6 (size=3)
    ^^^^^
note: this error originates in the attribute macro: `test`

error: Missing semicolon
 --> /home/cactussediento/Proyectos/zkminestark/contracts/zkmine_2g/src/tests/test_ve_phase8_combined.cairo:632:10
    _s012// Step 3.6: ordinary component 6 (size=3)
         ^
note: this error originates in the attribute macro: `test`

error[E0006]: Identifier not found.
 --> /home/cactussediento/Proyectos/zkminestark/contracts/zkmine_2g/src/tests/test_ve_phase8_combined.cairo:637:5
    _s012// Step 10: unconstrained local (neighbors=1)
    ^^^^^
note: this error originates in the attribute macro: `test`

error: Missing semicolon
 --> /home/cactussediento/Proyectos/zkminestark/contracts/zkmine_2g/src/tests/test_ve_phase8_combined.cairo:637:10
    _s012// Step 10: unconstrained local (neighbors=1)
         ^
note: this error originates in the attribute macro: `test`

error[E0006]: Identifier not found.
 --> /home/cactussediento/Proyectos/zkminestark/contracts/zkmine_2g/src/tests/test_ve_phase8_combined.cairo:643:5
    _s013// Step 1: joint VE on special component 0 (size=14 width=4)
    ^^^^^
note: this error originates in the attribute macro: `test`

error: Missing semicolon
 --> /home/cactussediento/Proyectos/zkminestark/contracts/zkmine_2g/src/tests/test_ve_phase8_combined.cairo:643:10
    _s013// Step 1: joint VE on special component 0 (size=14 width=4)
         ^
note: this error originates in the attribute macro: `test`

error[E0006]: Identifier not found.
 --> /home/cactussediento/Proyectos/zkminestark/contracts/zkmine_2g/src/tests/test_ve_phase8_combined.cairo:650:5
    _s013// Step 2.0: ordinary component 0 (size=5)
    ^^^^^
note: this error originates in the attribute macro: `test`

error: Missing semicolon
 --> /home/cactussediento/Proyectos/zkminestark/contracts/zkmine_2g/src/tests/test_ve_phase8_combined.cairo:650:10
    _s013// Step 2.0: ordinary component 0 (size=5)
         ^
note: this error originates in the attribute macro: `test`

error[E0006]: Identifier not found.
 --> /home/cactussediento/Proyectos/zkminestark/contracts/zkmine_2g/src/tests/test_ve_phase8_combined.cairo:655:5
    _s013// Step 3.1: ordinary component 1 (size=8)
    ^^^^^
note: this error originates in the attribute macro: `test`

error: Missing semicolon
 --> /home/cactussediento/Proyectos/zkminestark/contracts/zkmine_2g/src/tests/test_ve_phase8_combined.cairo:655:10
    _s013// Step 3.1: ordinary component 1 (size=8)
         ^
note: this error originates in the attribute macro: `test`

error[E0006]: Identifier not found.
 --> /home/cactussediento/Proyectos/zkminestark/contracts/zkmine_2g/src/tests/test_ve_phase8_combined.cairo:660:5
    _s013// Step 3.2: ordinary component 2 (size=5)
    ^^^^^
note: this error originates in the attribute macro: `test`

error: Missing semicolon
 --> /home/cactussediento/Proyectos/zkminestark/contracts/zkmine_2g/src/tests/test_ve_phase8_combined.cairo:660:10
    _s013// Step 3.2: ordinary component 2 (size=5)
         ^
note: this error originates in the attribute macro: `test`

error[E0006]: Identifier not found.
 --> /home/cactussediento/Proyectos/zkminestark/contracts/zkmine_2g/src/tests/test_ve_phase8_combined.cairo:665:5
    _s013// Step 3.3: ordinary component 3 (size=17)
    ^^^^^
note: this error originates in the attribute macro: `test`

error: Missing semicolon
 --> /home/cactussediento/Proyectos/zkminestark/contracts/zkmine_2g/src/tests/test_ve_phase8_combined.cairo:665:10
    _s013// Step 3.3: ordinary component 3 (size=17)
         ^
note: this error originates in the attribute macro: `test`

error[E0006]: Identifier not found.
 --> /home/cactussediento/Proyectos/zkminestark/contracts/zkmine_2g/src/tests/test_ve_phase8_combined.cairo:670:5
    _s013// Step 3.4: ordinary component 4 (size=8)
    ^^^^^
note: this error originates in the attribute macro: `test`

error: Missing semicolon
 --> /home/cactussediento/Proyectos/zkminestark/contracts/zkmine_2g/src/tests/test_ve_phase8_combined.cairo:670:10
    _s013// Step 3.4: ordinary component 4 (size=8)
         ^
note: this error originates in the attribute macro: `test`

error[E0006]: Identifier not found.
 --> /home/cactussediento/Proyectos/zkminestark/contracts/zkmine_2g/src/tests/test_ve_phase8_combined.cairo:675:5
    _s013// Step 3.5: ordinary component 5 (size=5)
    ^^^^^
note: this error originates in the attribute macro: `test`

error: Missing semicolon
 --> /home/cactussediento/Proyectos/zkminestark/contracts/zkmine_2g/src/tests/test_ve_phase8_combined.cairo:675:10
    _s013// Step 3.5: ordinary component 5 (size=5)
         ^
note: this error originates in the attribute macro: `test`

error[E0006]: Identifier not found.
 --> /home/cactussediento/Proyectos/zkminestark/contracts/zkmine_2g/src/tests/test_ve_phase8_combined.cairo:680:5
    _s013// Step 3.6: ordinary component 6 (size=3)
    ^^^^^
note: this error originates in the attribute macro: `test`

error: Missing semicolon
 --> /home/cactussediento/Proyectos/zkminestark/contracts/zkmine_2g/src/tests/test_ve_phase8_combined.cairo:680:10
    _s013// Step 3.6: ordinary component 6 (size=3)
         ^
note: this error originates in the attribute macro: `test`

error[E0006]: Identifier not found.
 --> /home/cactussediento/Proyectos/zkminestark/contracts/zkmine_2g/src/tests/test_ve_phase8_combined.cairo:685:5
    _s013// Step 10: unconstrained local (neighbors=3)
    ^^^^^
note: this error originates in the attribute macro: `test`

error: Missing semicolon
 --> /home/cactussediento/Proyectos/zkminestark/contracts/zkmine_2g/src/tests/test_ve_phase8_combined.cairo:685:10
    _s013// Step 10: unconstrained local (neighbors=3)
         ^
note: this error originates in the attribute macro: `test`

error[E0006]: Identifier not found.
 --> /home/cactussediento/Proyectos/zkminestark/contracts/zkmine_2g/src/tests/test_ve_phase8_combined.cairo:691:5
    _s014// Step 1: joint VE on special component 0 (size=17 width=4)
    ^^^^^
note: this error originates in the attribute macro: `test`

error: Missing semicolon
 --> /home/cactussediento/Proyectos/zkminestark/contracts/zkmine_2g/src/tests/test_ve_phase8_combined.cairo:691:10
    _s014// Step 1: joint VE on special component 0 (size=17 width=4)
         ^
note: this error originates in the attribute macro: `test`

error[E0006]: Identifier not found.
 --> /home/cactussediento/Proyectos/zkminestark/contracts/zkmine_2g/src/tests/test_ve_phase8_combined.cairo:698:5
    _s014// Step 2.0: ordinary component 0 (size=5)
    ^^^^^
note: this error originates in the attribute macro: `test`

error: Missing semicolon
 --> /home/cactussediento/Proyectos/zkminestark/contracts/zkmine_2g/src/tests/test_ve_phase8_combined.cairo:698:10
    _s014// Step 2.0: ordinary component 0 (size=5)
         ^
note: this error originates in the attribute macro: `test`

error[E0006]: Identifier not found.
 --> /home/cactussediento/Proyectos/zkminestark/contracts/zkmine_2g/src/tests/test_ve_phase8_combined.cairo:703:5
    _s014// Step 3.1: ordinary component 1 (size=8)
    ^^^^^
note: this error originates in the attribute macro: `test`

error: Missing semicolon
 --> /home/cactussediento/Proyectos/zkminestark/contracts/zkmine_2g/src/tests/test_ve_phase8_combined.cairo:703:10
    _s014// Step 3.1: ordinary component 1 (size=8)
         ^
note: this error originates in the attribute macro: `test`

error[E0006]: Identifier not found.
 --> /home/cactussediento/Proyectos/zkminestark/contracts/zkmine_2g/src/tests/test_ve_phase8_combined.cairo:708:5
    _s014// Step 3.2: ordinary component 2 (size=5)
    ^^^^^
note: this error originates in the attribute macro: `test`

error: Missing semicolon
 --> /home/cactussediento/Proyectos/zkminestark/contracts/zkmine_2g/src/tests/test_ve_phase8_combined.cairo:708:10
    _s014// Step 3.2: ordinary component 2 (size=5)
         ^
note: this error originates in the attribute macro: `test`

error[E0006]: Identifier not found.
 --> /home/cactussediento/Proyectos/zkminestark/contracts/zkmine_2g/src/tests/test_ve_phase8_combined.cairo:713:5
    _s014// Step 3.3: ordinary component 3 (size=17)
    ^^^^^
note: this error originates in the attribute macro: `test`

error: Missing semicolon
 --> /home/cactussediento/Proyectos/zkminestark/contracts/zkmine_2g/src/tests/test_ve_phase8_combined.cairo:713:10
    _s014// Step 3.3: ordinary component 3 (size=17)
         ^
note: this error originates in the attribute macro: `test`

error[E0006]: Identifier not found.
 --> /home/cactussediento/Proyectos/zkminestark/contracts/zkmine_2g/src/tests/test_ve_phase8_combined.cairo:718:5
    _s014// Step 3.4: ordinary component 4 (size=8)
    ^^^^^
note: this error originates in the attribute macro: `test`

error: Missing semicolon
 --> /home/cactussediento/Proyectos/zkminestark/contracts/zkmine_2g/src/tests/test_ve_phase8_combined.cairo:718:10
    _s014// Step 3.4: ordinary component 4 (size=8)
         ^
note: this error originates in the attribute macro: `test`

error[E0006]: Identifier not found.
 --> /home/cactussediento/Proyectos/zkminestark/contracts/zkmine_2g/src/tests/test_ve_phase8_combined.cairo:723:5
    _s014// Step 3.5: ordinary component 5 (size=5)
    ^^^^^
note: this error originates in the attribute macro: `test`

error: Missing semicolon
 --> /home/cactussediento/Proyectos/zkminestark/contracts/zkmine_2g/src/tests/test_ve_phase8_combined.cairo:723:10
    _s014// Step 3.5: ordinary component 5 (size=5)
         ^
note: this error originates in the attribute macro: `test`

error[E0006]: Identifier not found.
 --> /home/cactussediento/Proyectos/zkminestark/contracts/zkmine_2g/src/tests/test_ve_phase8_combined.cairo:728:5
    _s014// Step 3.6: ordinary component 6 (size=3)
    ^^^^^
note: this error originates in the attribute macro: `test`

error: Missing semicolon
 --> /home/cactussediento/Proyectos/zkminestark/contracts/zkmine_2g/src/tests/test_ve_phase8_combined.cairo:728:10
    _s014// Step 3.6: ordinary component 6 (size=3)
         ^
note: this error originates in the attribute macro: `test`

error[E0006]: Identifier not found.
 --> /home/cactussediento/Proyectos/zkminestark/contracts/zkmine_2g/src/tests/test_ve_phase8_combined.cairo:733:5
    _s014// Step 10: unconstrained local (neighbors=1)
    ^^^^^
note: this error originates in the attribute macro: `test`

error: Missing semicolon
 --> /home/cactussediento/Proyectos/zkminestark/contracts/zkmine_2g/src/tests/test_ve_phase8_combined.cairo:733:10
    _s014// Step 10: unconstrained local (neighbors=1)
         ^
note: this error originates in the attribute macro: `test`

error[E0006]: Identifier not found.
 --> /home/cactussediento/Proyectos/zkminestark/contracts/zkmine_2g/src/tests/test_ve_phase8_combined.cairo:739:5
    _s015// Step 1: joint VE on special component 0 (size=18 width=4)
    ^^^^^
note: this error originates in the attribute macro: `test`

error: Missing semicolon
 --> /home/cactussediento/Proyectos/zkminestark/contracts/zkmine_2g/src/tests/test_ve_phase8_combined.cairo:739:10
    _s015// Step 1: joint VE on special component 0 (size=18 width=4)
         ^
note: this error originates in the attribute macro: `test`

error[E0006]: Identifier not found.
 --> /home/cactussediento/Proyectos/zkminestark/contracts/zkmine_2g/src/tests/test_ve_phase8_combined.cairo:746:5
    _s015// Step 2.0: ordinary component 0 (size=5)
    ^^^^^
note: this error originates in the attribute macro: `test`

error: Missing semicolon
 --> /home/cactussediento/Proyectos/zkminestark/contracts/zkmine_2g/src/tests/test_ve_phase8_combined.cairo:746:10
    _s015// Step 2.0: ordinary component 0 (size=5)
         ^
note: this error originates in the attribute macro: `test`

error[E0006]: Identifier not found.
 --> /home/cactussediento/Proyectos/zkminestark/contracts/zkmine_2g/src/tests/test_ve_phase8_combined.cairo:751:5
    _s015// Step 3.1: ordinary component 1 (size=8)
    ^^^^^
note: this error originates in the attribute macro: `test`

error: Missing semicolon
 --> /home/cactussediento/Proyectos/zkminestark/contracts/zkmine_2g/src/tests/test_ve_phase8_combined.cairo:751:10
    _s015// Step 3.1: ordinary component 1 (size=8)
         ^
note: this error originates in the attribute macro: `test`

error[E0006]: Identifier not found.
 --> /home/cactussediento/Proyectos/zkminestark/contracts/zkmine_2g/src/tests/test_ve_phase8_combined.cairo:756:5
    _s015// Step 3.2: ordinary component 2 (size=5)
    ^^^^^
note: this error originates in the attribute macro: `test`

error: Missing semicolon
 --> /home/cactussediento/Proyectos/zkminestark/contracts/zkmine_2g/src/tests/test_ve_phase8_combined.cairo:756:10
    _s015// Step 3.2: ordinary component 2 (size=5)
         ^
note: this error originates in the attribute macro: `test`

error[E0006]: Identifier not found.
 --> /home/cactussediento/Proyectos/zkminestark/contracts/zkmine_2g/src/tests/test_ve_phase8_combined.cairo:761:5
    _s015// Step 3.3: ordinary component 3 (size=17)
    ^^^^^
note: this error originates in the attribute macro: `test`

error: Missing semicolon
 --> /home/cactussediento/Proyectos/zkminestark/contracts/zkmine_2g/src/tests/test_ve_phase8_combined.cairo:761:10
    _s015// Step 3.3: ordinary component 3 (size=17)
         ^
note: this error originates in the attribute macro: `test`

error[E0006]: Identifier not found.
 --> /home/cactussediento/Proyectos/zkminestark/contracts/zkmine_2g/src/tests/test_ve_phase8_combined.cairo:766:5
    _s015// Step 3.4: ordinary component 4 (size=8)
    ^^^^^
note: this error originates in the attribute macro: `test`

error: Missing semicolon
 --> /home/cactussediento/Proyectos/zkminestark/contracts/zkmine_2g/src/tests/test_ve_phase8_combined.cairo:766:10
    _s015// Step 3.4: ordinary component 4 (size=8)
         ^
note: this error originates in the attribute macro: `test`

error[E0006]: Identifier not found.
 --> /home/cactussediento/Proyectos/zkminestark/contracts/zkmine_2g/src/tests/test_ve_phase8_combined.cairo:771:5
    _s015// Step 3.5: ordinary component 5 (size=5)
    ^^^^^
note: this error originates in the attribute macro: `test`

error: Missing semicolon
 --> /home/cactussediento/Proyectos/zkminestark/contracts/zkmine_2g/src/tests/test_ve_phase8_combined.cairo:771:10
    _s015// Step 3.5: ordinary component 5 (size=5)
         ^
note: this error originates in the attribute macro: `test`

error[E0006]: Identifier not found.
 --> /home/cactussediento/Proyectos/zkminestark/contracts/zkmine_2g/src/tests/test_ve_phase8_combined.cairo:776:5
    _s015// Step 3.6: ordinary component 6 (size=3)
    ^^^^^
note: this error originates in the attribute macro: `test`

error: Missing semicolon
 --> /home/cactussediento/Proyectos/zkminestark/contracts/zkmine_2g/src/tests/test_ve_phase8_combined.cairo:776:10
    _s015// Step 3.6: ordinary component 6 (size=3)
         ^
note: this error originates in the attribute macro: `test`

error[E0006]: Identifier not found.
 --> /home/cactussediento/Proyectos/zkminestark/contracts/zkmine_2g/src/tests/test_ve_phase8_combined.cairo:781:5
    _s015// Step 10: unconstrained local (neighbors=1)
    ^^^^^
note: this error originates in the attribute macro: `test`

error: Missing semicolon
 --> /home/cactussediento/Proyectos/zkminestark/contracts/zkmine_2g/src/tests/test_ve_phase8_combined.cairo:781:10
    _s015// Step 10: unconstrained local (neighbors=1)
         ^
note: this error originates in the attribute macro: `test`

error[E0006]: Identifier not found.
 --> /home/cactussediento/Proyectos/zkminestark/contracts/zkmine_2g/src/tests/test_ve_phase8_combined.cairo:787:5
    _s016// Step 1: joint VE on special component 0 (size=19 width=4)
    ^^^^^
note: this error originates in the attribute macro: `test`

error: Missing semicolon
 --> /home/cactussediento/Proyectos/zkminestark/contracts/zkmine_2g/src/tests/test_ve_phase8_combined.cairo:787:10
    _s016// Step 1: joint VE on special component 0 (size=19 width=4)
         ^
note: this error originates in the attribute macro: `test`

error[E0006]: Identifier not found.
 --> /home/cactussediento/Proyectos/zkminestark/contracts/zkmine_2g/src/tests/test_ve_phase8_combined.cairo:793:5
    _s016// Step 2: joint VE on special component 1 (size=5 width=3)
    ^^^^^
note: this error originates in the attribute macro: `test`

error: Missing semicolon
 --> /home/cactussediento/Proyectos/zkminestark/contracts/zkmine_2g/src/tests/test_ve_phase8_combined.cairo:793:10
    _s016// Step 2: joint VE on special component 1 (size=5 width=3)
         ^
note: this error originates in the attribute macro: `test`

error[E0006]: Identifier not found.
 --> /home/cactussediento/Proyectos/zkminestark/contracts/zkmine_2g/src/tests/test_ve_phase8_combined.cairo:800:5
    _s016// Step 3.0: ordinary component 0 (size=8)
    ^^^^^
note: this error originates in the attribute macro: `test`

error: Missing semicolon
 --> /home/cactussediento/Proyectos/zkminestark/contracts/zkmine_2g/src/tests/test_ve_phase8_combined.cairo:800:10
    _s016// Step 3.0: ordinary component 0 (size=8)
         ^
note: this error originates in the attribute macro: `test`

error[E0006]: Identifier not found.
 --> /home/cactussediento/Proyectos/zkminestark/contracts/zkmine_2g/src/tests/test_ve_phase8_combined.cairo:805:5
    _s016// Step 4.1: ordinary component 1 (size=5)
    ^^^^^
note: this error originates in the attribute macro: `test`

error: Missing semicolon
 --> /home/cactussediento/Proyectos/zkminestark/contracts/zkmine_2g/src/tests/test_ve_phase8_combined.cairo:805:10
    _s016// Step 4.1: ordinary component 1 (size=5)
         ^
note: this error originates in the attribute macro: `test`

error[E0006]: Identifier not found.
 --> /home/cactussediento/Proyectos/zkminestark/contracts/zkmine_2g/src/tests/test_ve_phase8_combined.cairo:810:5
    _s016// Step 4.2: ordinary component 2 (size=17)
    ^^^^^
note: this error originates in the attribute macro: `test`

error: Missing semicolon
 --> /home/cactussediento/Proyectos/zkminestark/contracts/zkmine_2g/src/tests/test_ve_phase8_combined.cairo:810:10
    _s016// Step 4.2: ordinary component 2 (size=17)
         ^
note: this error originates in the attribute macro: `test`

error[E0006]: Identifier not found.
 --> /home/cactussediento/Proyectos/zkminestark/contracts/zkmine_2g/src/tests/test_ve_phase8_combined.cairo:815:5
    _s016// Step 4.3: ordinary component 3 (size=8)
    ^^^^^
note: this error originates in the attribute macro: `test`

error: Missing semicolon
 --> /home/cactussediento/Proyectos/zkminestark/contracts/zkmine_2g/src/tests/test_ve_phase8_combined.cairo:815:10
    _s016// Step 4.3: ordinary component 3 (size=8)
         ^
note: this error originates in the attribute macro: `test`

error[E0006]: Identifier not found.
 --> /home/cactussediento/Proyectos/zkminestark/contracts/zkmine_2g/src/tests/test_ve_phase8_combined.cairo:820:5
    _s016// Step 4.4: ordinary component 4 (size=5)
    ^^^^^
note: this error originates in the attribute macro: `test`

error: Missing semicolon
 --> /home/cactussediento/Proyectos/zkminestark/contracts/zkmine_2g/src/tests/test_ve_phase8_combined.cairo:820:10
    _s016// Step 4.4: ordinary component 4 (size=5)
         ^
note: this error originates in the attribute macro: `test`

error[E0006]: Identifier not found.
 --> /home/cactussediento/Proyectos/zkminestark/contracts/zkmine_2g/src/tests/test_ve_phase8_combined.cairo:825:5
    _s016// Step 4.5: ordinary component 5 (size=3)
    ^^^^^
note: this error originates in the attribute macro: `test`

error: Missing semicolon
 --> /home/cactussediento/Proyectos/zkminestark/contracts/zkmine_2g/src/tests/test_ve_phase8_combined.cairo:825:10
    _s016// Step 4.5: ordinary component 5 (size=3)
         ^
note: this error originates in the attribute macro: `test`

error[E0006]: Identifier not found.
 --> /home/cactussediento/Proyectos/zkminestark/contracts/zkmine_2g/src/tests/test_ve_phase8_combined.cairo:830:5
    _s016// Step 10: unconstrained local (neighbors=1)
    ^^^^^
note: this error originates in the attribute macro: `test`

error: Missing semicolon
 --> /home/cactussediento/Proyectos/zkminestark/contracts/zkmine_2g/src/tests/test_ve_phase8_combined.cairo:830:10
    _s016// Step 10: unconstrained local (neighbors=1)
         ^
note: this error originates in the attribute macro: `test`

error[E0006]: Identifier not found.
 --> /home/cactussediento/Proyectos/zkminestark/contracts/zkmine_2g/src/tests/test_ve_phase8_combined.cairo:840:5
    _s001// Step 1: joint VE on special component 0 (size=33 width=7)
    ^^^^^
note: this error originates in the attribute macro: `test`

error: Missing semicolon
 --> /home/cactussediento/Proyectos/zkminestark/contracts/zkmine_2g/src/tests/test_ve_phase8_combined.cairo:840:10
    _s001// Step 1: joint VE on special component 0 (size=33 width=7)
         ^
note: this error originates in the attribute macro: `test`

error[E0006]: Identifier not found.
 --> /home/cactussediento/Proyectos/zkminestark/contracts/zkmine_2g/src/tests/test_ve_phase8_combined.cairo:847:5
    _s001// Step 2.0: ordinary component 0 (size=10)
    ^^^^^
note: this error originates in the attribute macro: `test`

error: Missing semicolon
 --> /home/cactussediento/Proyectos/zkminestark/contracts/zkmine_2g/src/tests/test_ve_phase8_combined.cairo:847:10
    _s001// Step 2.0: ordinary component 0 (size=10)
         ^
note: this error originates in the attribute macro: `test`

error[E0006]: Identifier not found.
 --> /home/cactussediento/Proyectos/zkminestark/contracts/zkmine_2g/src/tests/test_ve_phase8_combined.cairo:852:5
    _s001// Step 3.1: ordinary component 1 (size=16)
    ^^^^^
note: this error originates in the attribute macro: `test`

error: Missing semicolon
 --> /home/cactussediento/Proyectos/zkminestark/contracts/zkmine_2g/src/tests/test_ve_phase8_combined.cairo:852:10
    _s001// Step 3.1: ordinary component 1 (size=16)
         ^
note: this error originates in the attribute macro: `test`

error[E0006]: Identifier not found.
 --> /home/cactussediento/Proyectos/zkminestark/contracts/zkmine_2g/src/tests/test_ve_phase8_combined.cairo:857:5
    _s001// Step 3.2: ordinary component 2 (size=8)
    ^^^^^
note: this error originates in the attribute macro: `test`

error: Missing semicolon
 --> /home/cactussediento/Proyectos/zkminestark/contracts/zkmine_2g/src/tests/test_ve_phase8_combined.cairo:857:10
    _s001// Step 3.2: ordinary component 2 (size=8)
         ^
note: this error originates in the attribute macro: `test`

error[E0006]: Identifier not found.
 --> /home/cactussediento/Proyectos/zkminestark/contracts/zkmine_2g/src/tests/test_ve_phase8_combined.cairo:862:5
    _s001// Step 3.3: ordinary component 3 (size=38)
    ^^^^^
note: this error originates in the attribute macro: `test`

error: Missing semicolon
 --> /home/cactussediento/Proyectos/zkminestark/contracts/zkmine_2g/src/tests/test_ve_phase8_combined.cairo:862:10
    _s001// Step 3.3: ordinary component 3 (size=38)
         ^
note: this error originates in the attribute macro: `test`

error[E0006]: Identifier not found.
 --> /home/cactussediento/Proyectos/zkminestark/contracts/zkmine_2g/src/tests/test_ve_phase8_combined.cairo:867:5
    _s001// Step 3.4: ordinary component 4 (size=20)
    ^^^^^
note: this error originates in the attribute macro: `test`

error: Missing semicolon
 --> /home/cactussediento/Proyectos/zkminestark/contracts/zkmine_2g/src/tests/test_ve_phase8_combined.cairo:867:10
    _s001// Step 3.4: ordinary component 4 (size=20)
         ^
note: this error originates in the attribute macro: `test`

error[E0006]: Identifier not found.
 --> /home/cactussediento/Proyectos/zkminestark/contracts/zkmine_2g/src/tests/test_ve_phase8_combined.cairo:872:5
    _s001// Step 3.5: ordinary component 5 (size=17)
    ^^^^^
note: this error originates in the attribute macro: `test`

error: Missing semicolon
 --> /home/cactussediento/Proyectos/zkminestark/contracts/zkmine_2g/src/tests/test_ve_phase8_combined.cairo:872:10
    _s001// Step 3.5: ordinary component 5 (size=17)
         ^
note: this error originates in the attribute macro: `test`

error[E0006]: Identifier not found.
 --> /home/cactussediento/Proyectos/zkminestark/contracts/zkmine_2g/src/tests/test_ve_phase8_combined.cairo:877:5
    _s001// Step 3.6: ordinary component 6 (size=13)
    ^^^^^
note: this error originates in the attribute macro: `test`

error: Missing semicolon
 --> /home/cactussediento/Proyectos/zkminestark/contracts/zkmine_2g/src/tests/test_ve_phase8_combined.cairo:877:10
    _s001// Step 3.6: ordinary component 6 (size=13)
         ^
note: this error originates in the attribute macro: `test`

error[E0006]: Identifier not found.
 --> /home/cactussediento/Proyectos/zkminestark/contracts/zkmine_2g/src/tests/test_ve_phase8_combined.cairo:882:5
    _s001// Step 10: unconstrained local (neighbors=3)
    ^^^^^
note: this error originates in the attribute macro: `test`

error: Missing semicolon
 --> /home/cactussediento/Proyectos/zkminestark/contracts/zkmine_2g/src/tests/test_ve_phase8_combined.cairo:882:10
    _s001// Step 10: unconstrained local (neighbors=3)
         ^
note: this error originates in the attribute macro: `test`

error[E0006]: Identifier not found.
 --> /home/cactussediento/Proyectos/zkminestark/contracts/zkmine_2g/src/tests/test_ve_phase8_combined.cairo:888:5
    _s002// Step 1: joint VE on special component 0 (size=36 width=7)
    ^^^^^
note: this error originates in the attribute macro: `test`

error: Missing semicolon
 --> /home/cactussediento/Proyectos/zkminestark/contracts/zkmine_2g/src/tests/test_ve_phase8_combined.cairo:888:10
    _s002// Step 1: joint VE on special component 0 (size=36 width=7)
         ^
note: this error originates in the attribute macro: `test`

error[E0006]: Identifier not found.
 --> /home/cactussediento/Proyectos/zkminestark/contracts/zkmine_2g/src/tests/test_ve_phase8_combined.cairo:894:5
    _s002// Step 2: joint VE on special component 1 (size=10 width=6)
    ^^^^^
note: this error originates in the attribute macro: `test`

error: Missing semicolon
 --> /home/cactussediento/Proyectos/zkminestark/contracts/zkmine_2g/src/tests/test_ve_phase8_combined.cairo:894:10
    _s002// Step 2: joint VE on special component 1 (size=10 width=6)
         ^
note: this error originates in the attribute macro: `test`

error[E0006]: Identifier not found.
 --> /home/cactussediento/Proyectos/zkminestark/contracts/zkmine_2g/src/tests/test_ve_phase8_combined.cairo:901:5
    _s002// Step 3.0: ordinary component 0 (size=16)
    ^^^^^
note: this error originates in the attribute macro: `test`

error: Missing semicolon
 --> /home/cactussediento/Proyectos/zkminestark/contracts/zkmine_2g/src/tests/test_ve_phase8_combined.cairo:901:10
    _s002// Step 3.0: ordinary component 0 (size=16)
         ^
note: this error originates in the attribute macro: `test`

error[E0006]: Identifier not found.
 --> /home/cactussediento/Proyectos/zkminestark/contracts/zkmine_2g/src/tests/test_ve_phase8_combined.cairo:906:5
    _s002// Step 4.1: ordinary component 1 (size=8)
    ^^^^^
note: this error originates in the attribute macro: `test`

error: Missing semicolon
 --> /home/cactussediento/Proyectos/zkminestark/contracts/zkmine_2g/src/tests/test_ve_phase8_combined.cairo:906:10
    _s002// Step 4.1: ordinary component 1 (size=8)
         ^
note: this error originates in the attribute macro: `test`

error[E0006]: Identifier not found.
 --> /home/cactussediento/Proyectos/zkminestark/contracts/zkmine_2g/src/tests/test_ve_phase8_combined.cairo:911:5
    _s002// Step 4.2: ordinary component 2 (size=38)
    ^^^^^
note: this error originates in the attribute macro: `test`

error: Missing semicolon
 --> /home/cactussediento/Proyectos/zkminestark/contracts/zkmine_2g/src/tests/test_ve_phase8_combined.cairo:911:10
    _s002// Step 4.2: ordinary component 2 (size=38)
         ^
note: this error originates in the attribute macro: `test`

error[E0006]: Identifier not found.
 --> /home/cactussediento/Proyectos/zkminestark/contracts/zkmine_2g/src/tests/test_ve_phase8_combined.cairo:916:5
    _s002// Step 4.3: ordinary component 3 (size=20)
    ^^^^^
note: this error originates in the attribute macro: `test`

error: Missing semicolon
 --> /home/cactussediento/Proyectos/zkminestark/contracts/zkmine_2g/src/tests/test_ve_phase8_combined.cairo:916:10
    _s002// Step 4.3: ordinary component 3 (size=20)
         ^
note: this error originates in the attribute macro: `test`

error[E0006]: Identifier not found.
 --> /home/cactussediento/Proyectos/zkminestark/contracts/zkmine_2g/src/tests/test_ve_phase8_combined.cairo:921:5
    _s002// Step 4.4: ordinary component 4 (size=17)
    ^^^^^
note: this error originates in the attribute macro: `test`

error: Missing semicolon
 --> /home/cactussediento/Proyectos/zkminestark/contracts/zkmine_2g/src/tests/test_ve_phase8_combined.cairo:921:10
    _s002// Step 4.4: ordinary component 4 (size=17)
         ^
note: this error originates in the attribute macro: `test`

error[E0006]: Identifier not found.
 --> /home/cactussediento/Proyectos/zkminestark/contracts/zkmine_2g/src/tests/test_ve_phase8_combined.cairo:926:5
    _s002// Step 4.5: ordinary component 5 (size=13)
    ^^^^^
note: this error originates in the attribute macro: `test`

error: Missing semicolon
 --> /home/cactussediento/Proyectos/zkminestark/contracts/zkmine_2g/src/tests/test_ve_phase8_combined.cairo:926:10
    _s002// Step 4.5: ordinary component 5 (size=13)
         ^
note: this error originates in the attribute macro: `test`

error[E0006]: Identifier not found.
 --> /home/cactussediento/Proyectos/zkminestark/contracts/zkmine_2g/src/tests/test_ve_phase8_combined.cairo:935:5
    _s003// Step 1: joint VE on special component 0 (size=46 width=7)
    ^^^^^
note: this error originates in the attribute macro: `test`

error: Missing semicolon
 --> /home/cactussediento/Proyectos/zkminestark/contracts/zkmine_2g/src/tests/test_ve_phase8_combined.cairo:935:10
    _s003// Step 1: joint VE on special component 0 (size=46 width=7)
         ^
note: this error originates in the attribute macro: `test`

error[E0006]: Identifier not found.
 --> /home/cactussediento/Proyectos/zkminestark/contracts/zkmine_2g/src/tests/test_ve_phase8_combined.cairo:941:5
    _s003// Step 2: joint VE on special component 1 (size=8 width=7)
    ^^^^^
note: this error originates in the attribute macro: `test`

error: Missing semicolon
 --> /home/cactussediento/Proyectos/zkminestark/contracts/zkmine_2g/src/tests/test_ve_phase8_combined.cairo:941:10
    _s003// Step 2: joint VE on special component 1 (size=8 width=7)
         ^
note: this error originates in the attribute macro: `test`

error[E0006]: Identifier not found.
 --> /home/cactussediento/Proyectos/zkminestark/contracts/zkmine_2g/src/tests/test_ve_phase8_combined.cairo:948:5
    _s003// Step 3.0: ordinary component 0 (size=16)
    ^^^^^
note: this error originates in the attribute macro: `test`

error: Missing semicolon
 --> /home/cactussediento/Proyectos/zkminestark/contracts/zkmine_2g/src/tests/test_ve_phase8_combined.cairo:948:10
    _s003// Step 3.0: ordinary component 0 (size=16)
         ^
note: this error originates in the attribute macro: `test`

error[E0006]: Identifier not found.
 --> /home/cactussediento/Proyectos/zkminestark/contracts/zkmine_2g/src/tests/test_ve_phase8_combined.cairo:953:5
    _s003// Step 4.1: ordinary component 1 (size=38)
    ^^^^^
note: this error originates in the attribute macro: `test`

error: Missing semicolon
 --> /home/cactussediento/Proyectos/zkminestark/contracts/zkmine_2g/src/tests/test_ve_phase8_combined.cairo:953:10
    _s003// Step 4.1: ordinary component 1 (size=38)
         ^
note: this error originates in the attribute macro: `test`

error[E0006]: Identifier not found.
 --> /home/cactussediento/Proyectos/zkminestark/contracts/zkmine_2g/src/tests/test_ve_phase8_combined.cairo:958:5
    _s003// Step 4.2: ordinary component 2 (size=20)
    ^^^^^
note: this error originates in the attribute macro: `test`

error: Missing semicolon
 --> /home/cactussediento/Proyectos/zkminestark/contracts/zkmine_2g/src/tests/test_ve_phase8_combined.cairo:958:10
    _s003// Step 4.2: ordinary component 2 (size=20)
         ^
note: this error originates in the attribute macro: `test`

error[E0006]: Identifier not found.
 --> /home/cactussediento/Proyectos/zkminestark/contracts/zkmine_2g/src/tests/test_ve_phase8_combined.cairo:963:5
    _s003// Step 4.3: ordinary component 3 (size=17)
    ^^^^^
note: this error originates in the attribute macro: `test`

error: Missing semicolon
 --> /home/cactussediento/Proyectos/zkminestark/contracts/zkmine_2g/src/tests/test_ve_phase8_combined.cairo:963:10
    _s003// Step 4.3: ordinary component 3 (size=17)
         ^
note: this error originates in the attribute macro: `test`

error[E0006]: Identifier not found.
 --> /home/cactussediento/Proyectos/zkminestark/contracts/zkmine_2g/src/tests/test_ve_phase8_combined.cairo:968:5
    _s003// Step 4.4: ordinary component 4 (size=13)
    ^^^^^
note: this error originates in the attribute macro: `test`

error: Missing semicolon
 --> /home/cactussediento/Proyectos/zkminestark/contracts/zkmine_2g/src/tests/test_ve_phase8_combined.cairo:968:10
    _s003// Step 4.4: ordinary component 4 (size=13)
         ^
note: this error originates in the attribute macro: `test`

error[E0006]: Identifier not found.
 --> /home/cactussediento/Proyectos/zkminestark/contracts/zkmine_2g/src/tests/test_ve_phase8_combined.cairo:973:5
    _s003// Step 9: unconstrained local (neighbors=1)
    ^^^^^
note: this error originates in the attribute macro: `test`

error: Missing semicolon
 --> /home/cactussediento/Proyectos/zkminestark/contracts/zkmine_2g/src/tests/test_ve_phase8_combined.cairo:973:10
    _s003// Step 9: unconstrained local (neighbors=1)
         ^
note: this error originates in the attribute macro: `test`

error[E0006]: Identifier not found.
 --> /home/cactussediento/Proyectos/zkminestark/contracts/zkmine_2g/src/tests/test_ve_phase8_combined.cairo:979:5
    _s004// Step 1: joint VE on special component 0 (size=55 width=7)
    ^^^^^
note: this error originates in the attribute macro: `test`

error: Missing semicolon
 --> /home/cactussediento/Proyectos/zkminestark/contracts/zkmine_2g/src/tests/test_ve_phase8_combined.cairo:979:10
    _s004// Step 1: joint VE on special component 0 (size=55 width=7)
         ^
note: this error originates in the attribute macro: `test`

error[E0006]: Identifier not found.
 --> /home/cactussediento/Proyectos/zkminestark/contracts/zkmine_2g/src/tests/test_ve_phase8_combined.cairo:986:5
    _s004// Step 2.0: ordinary component 0 (size=16)
    ^^^^^
note: this error originates in the attribute macro: `test`

error: Missing semicolon
 --> /home/cactussediento/Proyectos/zkminestark/contracts/zkmine_2g/src/tests/test_ve_phase8_combined.cairo:986:10
    _s004// Step 2.0: ordinary component 0 (size=16)
         ^
note: this error originates in the attribute macro: `test`

error[E0006]: Identifier not found.
 --> /home/cactussediento/Proyectos/zkminestark/contracts/zkmine_2g/src/tests/test_ve_phase8_combined.cairo:991:5
    _s004// Step 3.1: ordinary component 1 (size=38)
    ^^^^^
note: this error originates in the attribute macro: `test`

error: Missing semicolon
 --> /home/cactussediento/Proyectos/zkminestark/contracts/zkmine_2g/src/tests/test_ve_phase8_combined.cairo:991:10
    _s004// Step 3.1: ordinary component 1 (size=38)
         ^
note: this error originates in the attribute macro: `test`

error[E0006]: Identifier not found.
 --> /home/cactussediento/Proyectos/zkminestark/contracts/zkmine_2g/src/tests/test_ve_phase8_combined.cairo:996:5
    _s004// Step 3.2: ordinary component 2 (size=20)
    ^^^^^
note: this error originates in the attribute macro: `test`

error: Missing semicolon
 --> /home/cactussediento/Proyectos/zkminestark/contracts/zkmine_2g/src/tests/test_ve_phase8_combined.cairo:996:10
    _s004// Step 3.2: ordinary component 2 (size=20)
         ^
note: this error originates in the attribute macro: `test`

error[E0006]: Identifier not found.
 --> /home/cactussediento/Proyectos/zkminestark/contracts/zkmine_2g/src/tests/test_ve_phase8_combined.cairo:1001:5
    _s004// Step 3.3: ordinary component 3 (size=17)
    ^^^^^
note: this error originates in the attribute macro: `test`

error: Missing semicolon
 --> /home/cactussediento/Proyectos/zkminestark/contracts/zkmine_2g/src/tests/test_ve_phase8_combined.cairo:1001:10
    _s004// Step 3.3: ordinary component 3 (size=17)
         ^
note: this error originates in the attribute macro: `test`

error[E0006]: Identifier not found.
 --> /home/cactussediento/Proyectos/zkminestark/contracts/zkmine_2g/src/tests/test_ve_phase8_combined.cairo:1006:5
    _s004// Step 3.4: ordinary component 4 (size=13)
    ^^^^^
note: this error originates in the attribute macro: `test`

error: Missing semicolon
 --> /home/cactussediento/Proyectos/zkminestark/contracts/zkmine_2g/src/tests/test_ve_phase8_combined.cairo:1006:10
    _s004// Step 3.4: ordinary component 4 (size=13)
         ^
note: this error originates in the attribute macro: `test`

error[E0006]: Identifier not found.
 --> /home/cactussediento/Proyectos/zkminestark/contracts/zkmine_2g/src/tests/test_ve_phase8_combined.cairo:1015:5
    _s005// Step 1: joint VE on special component 0 (size=55 width=7)
    ^^^^^
note: this error originates in the attribute macro: `test`

error: Missing semicolon
 --> /home/cactussediento/Proyectos/zkminestark/contracts/zkmine_2g/src/tests/test_ve_phase8_combined.cairo:1015:10
    _s005// Step 1: joint VE on special component 0 (size=55 width=7)
         ^
note: this error originates in the attribute macro: `test`

error[E0006]: Identifier not found.
 --> /home/cactussediento/Proyectos/zkminestark/contracts/zkmine_2g/src/tests/test_ve_phase8_combined.cairo:1022:5
    _s005// Step 2.0: ordinary component 0 (size=16)
    ^^^^^
note: this error originates in the attribute macro: `test`

error: Missing semicolon
 --> /home/cactussediento/Proyectos/zkminestark/contracts/zkmine_2g/src/tests/test_ve_phase8_combined.cairo:1022:10
    _s005// Step 2.0: ordinary component 0 (size=16)
         ^
note: this error originates in the attribute macro: `test`

error[E0006]: Identifier not found.
 --> /home/cactussediento/Proyectos/zkminestark/contracts/zkmine_2g/src/tests/test_ve_phase8_combined.cairo:1027:5
    _s005// Step 3.1: ordinary component 1 (size=38)
    ^^^^^
note: this error originates in the attribute macro: `test`

error: Missing semicolon
 --> /home/cactussediento/Proyectos/zkminestark/contracts/zkmine_2g/src/tests/test_ve_phase8_combined.cairo:1027:10
    _s005// Step 3.1: ordinary component 1 (size=38)
         ^
note: this error originates in the attribute macro: `test`

error[E0006]: Identifier not found.
 --> /home/cactussediento/Proyectos/zkminestark/contracts/zkmine_2g/src/tests/test_ve_phase8_combined.cairo:1032:5
    _s005// Step 3.2: ordinary component 2 (size=20)
    ^^^^^
note: this error originates in the attribute macro: `test`

error: Missing semicolon
 --> /home/cactussediento/Proyectos/zkminestark/contracts/zkmine_2g/src/tests/test_ve_phase8_combined.cairo:1032:10
    _s005// Step 3.2: ordinary component 2 (size=20)
         ^
note: this error originates in the attribute macro: `test`

error[E0006]: Identifier not found.
 --> /home/cactussediento/Proyectos/zkminestark/contracts/zkmine_2g/src/tests/test_ve_phase8_combined.cairo:1037:5
    _s005// Step 3.3: ordinary component 3 (size=17)
    ^^^^^
note: this error originates in the attribute macro: `test`

error: Missing semicolon
 --> /home/cactussediento/Proyectos/zkminestark/contracts/zkmine_2g/src/tests/test_ve_phase8_combined.cairo:1037:10
    _s005// Step 3.3: ordinary component 3 (size=17)
         ^
note: this error originates in the attribute macro: `test`

error[E0006]: Identifier not found.
 --> /home/cactussediento/Proyectos/zkminestark/contracts/zkmine_2g/src/tests/test_ve_phase8_combined.cairo:1042:5
    _s005// Step 3.4: ordinary component 4 (size=13)
    ^^^^^
note: this error originates in the attribute macro: `test`

error: Missing semicolon
 --> /home/cactussediento/Proyectos/zkminestark/contracts/zkmine_2g/src/tests/test_ve_phase8_combined.cairo:1042:10
    _s005// Step 3.4: ordinary component 4 (size=13)
         ^
note: this error originates in the attribute macro: `test`

error[E0006]: Identifier not found.
 --> /home/cactussediento/Proyectos/zkminestark/contracts/zkmine_2g/src/tests/test_ve_phase8_combined.cairo:1047:5
    _s005// Step 8: unconstrained local (neighbors=3)
    ^^^^^
note: this error originates in the attribute macro: `test`

error: Missing semicolon
 --> /home/cactussediento/Proyectos/zkminestark/contracts/zkmine_2g/src/tests/test_ve_phase8_combined.cairo:1047:10
    _s005// Step 8: unconstrained local (neighbors=3)
         ^
note: this error originates in the attribute macro: `test`

error[E0006]: Identifier not found.
 --> /home/cactussediento/Proyectos/zkminestark/contracts/zkmine_2g/src/tests/test_ve_phase8_combined.cairo:1053:5
    _s006// Step 1: joint VE on special component 0 (size=58 width=7)
    ^^^^^
note: this error originates in the attribute macro: `test`

error: Missing semicolon
 --> /home/cactussediento/Proyectos/zkminestark/contracts/zkmine_2g/src/tests/test_ve_phase8_combined.cairo:1053:10
    _s006// Step 1: joint VE on special component 0 (size=58 width=7)
         ^
note: this error originates in the attribute macro: `test`

error[E0006]: Identifier not found.
 --> /home/cactussediento/Proyectos/zkminestark/contracts/zkmine_2g/src/tests/test_ve_phase8_combined.cairo:1060:5
    _s006// Step 2.0: ordinary component 0 (size=16)
    ^^^^^
note: this error originates in the attribute macro: `test`

error: Missing semicolon
 --> /home/cactussediento/Proyectos/zkminestark/contracts/zkmine_2g/src/tests/test_ve_phase8_combined.cairo:1060:10
    _s006// Step 2.0: ordinary component 0 (size=16)
         ^
note: this error originates in the attribute macro: `test`

error[E0006]: Identifier not found.
 --> /home/cactussediento/Proyectos/zkminestark/contracts/zkmine_2g/src/tests/test_ve_phase8_combined.cairo:1065:5
    _s006// Step 3.1: ordinary component 1 (size=38)
    ^^^^^
note: this error originates in the attribute macro: `test`

error: Missing semicolon
 --> /home/cactussediento/Proyectos/zkminestark/contracts/zkmine_2g/src/tests/test_ve_phase8_combined.cairo:1065:10
    _s006// Step 3.1: ordinary component 1 (size=38)
         ^
note: this error originates in the attribute macro: `test`

error[E0006]: Identifier not found.
 --> /home/cactussediento/Proyectos/zkminestark/contracts/zkmine_2g/src/tests/test_ve_phase8_combined.cairo:1070:5
    _s006// Step 3.2: ordinary component 2 (size=20)
    ^^^^^
note: this error originates in the attribute macro: `test`

error: Missing semicolon
 --> /home/cactussediento/Proyectos/zkminestark/contracts/zkmine_2g/src/tests/test_ve_phase8_combined.cairo:1070:10
    _s006// Step 3.2: ordinary component 2 (size=20)
         ^
note: this error originates in the attribute macro: `test`

error[E0006]: Identifier not found.
 --> /home/cactussediento/Proyectos/zkminestark/contracts/zkmine_2g/src/tests/test_ve_phase8_combined.cairo:1075:5
    _s006// Step 3.3: ordinary component 3 (size=17)
    ^^^^^
note: this error originates in the attribute macro: `test`

error: Missing semicolon
 --> /home/cactussediento/Proyectos/zkminestark/contracts/zkmine_2g/src/tests/test_ve_phase8_combined.cairo:1075:10
    _s006// Step 3.3: ordinary component 3 (size=17)
         ^
note: this error originates in the attribute macro: `test`

error[E0006]: Identifier not found.
 --> /home/cactussediento/Proyectos/zkminestark/contracts/zkmine_2g/src/tests/test_ve_phase8_combined.cairo:1080:5
    _s006// Step 3.4: ordinary component 4 (size=13)
    ^^^^^
note: this error originates in the attribute macro: `test`

error: Missing semicolon
 --> /home/cactussediento/Proyectos/zkminestark/contracts/zkmine_2g/src/tests/test_ve_phase8_combined.cairo:1080:10
    _s006// Step 3.4: ordinary component 4 (size=13)
         ^
note: this error originates in the attribute macro: `test`

error[E0006]: Identifier not found.
 --> /home/cactussediento/Proyectos/zkminestark/contracts/zkmine_2g/src/tests/test_ve_phase8_combined.cairo:1085:5
    _s006// Step 8: unconstrained local (neighbors=1)
    ^^^^^
note: this error originates in the attribute macro: `test`

error: Missing semicolon
 --> /home/cactussediento/Proyectos/zkminestark/contracts/zkmine_2g/src/tests/test_ve_phase8_combined.cairo:1085:10
    _s006// Step 8: unconstrained local (neighbors=1)
         ^
note: this error originates in the attribute macro: `test`

error[E0006]: Identifier not found.
 --> /home/cactussediento/Proyectos/zkminestark/contracts/zkmine_2g/src/tests/test_ve_phase8_combined.cairo:1091:5
    _s007// Step 1: joint VE on special component 0 (size=59 width=7)
    ^^^^^
note: this error originates in the attribute macro: `test`

error: Missing semicolon
 --> /home/cactussediento/Proyectos/zkminestark/contracts/zkmine_2g/src/tests/test_ve_phase8_combined.cairo:1091:10
    _s007// Step 1: joint VE on special component 0 (size=59 width=7)
         ^
note: this error originates in the attribute macro: `test`

error[E0006]: Identifier not found.
 --> /home/cactussediento/Proyectos/zkminestark/contracts/zkmine_2g/src/tests/test_ve_phase8_combined.cairo:1098:5
    _s007// Step 2.0: ordinary component 0 (size=16)
    ^^^^^
note: this error originates in the attribute macro: `test`

error: Missing semicolon
 --> /home/cactussediento/Proyectos/zkminestark/contracts/zkmine_2g/src/tests/test_ve_phase8_combined.cairo:1098:10
    _s007// Step 2.0: ordinary component 0 (size=16)
         ^
note: this error originates in the attribute macro: `test`

error[E0006]: Identifier not found.
 --> /home/cactussediento/Proyectos/zkminestark/contracts/zkmine_2g/src/tests/test_ve_phase8_combined.cairo:1103:5
    _s007// Step 3.1: ordinary component 1 (size=38)
    ^^^^^
note: this error originates in the attribute macro: `test`

error: Missing semicolon
 --> /home/cactussediento/Proyectos/zkminestark/contracts/zkmine_2g/src/tests/test_ve_phase8_combined.cairo:1103:10
    _s007// Step 3.1: ordinary component 1 (size=38)
         ^
note: this error originates in the attribute macro: `test`

error[E0006]: Identifier not found.
 --> /home/cactussediento/Proyectos/zkminestark/contracts/zkmine_2g/src/tests/test_ve_phase8_combined.cairo:1108:5
    _s007// Step 3.2: ordinary component 2 (size=20)
    ^^^^^
note: this error originates in the attribute macro: `test`

error: Missing semicolon
 --> /home/cactussediento/Proyectos/zkminestark/contracts/zkmine_2g/src/tests/test_ve_phase8_combined.cairo:1108:10
    _s007// Step 3.2: ordinary component 2 (size=20)
         ^
note: this error originates in the attribute macro: `test`

error[E0006]: Identifier not found.
 --> /home/cactussediento/Proyectos/zkminestark/contracts/zkmine_2g/src/tests/test_ve_phase8_combined.cairo:1113:5
    _s007// Step 3.3: ordinary component 3 (size=17)
    ^^^^^
note: this error originates in the attribute macro: `test`

error: Missing semicolon
 --> /home/cactussediento/Proyectos/zkminestark/contracts/zkmine_2g/src/tests/test_ve_phase8_combined.cairo:1113:10
    _s007// Step 3.3: ordinary component 3 (size=17)
         ^
note: this error originates in the attribute macro: `test`

error[E0006]: Identifier not found.
 --> /home/cactussediento/Proyectos/zkminestark/contracts/zkmine_2g/src/tests/test_ve_phase8_combined.cairo:1118:5
    _s007// Step 3.4: ordinary component 4 (size=13)
    ^^^^^
note: this error originates in the attribute macro: `test`

error: Missing semicolon
 --> /home/cactussediento/Proyectos/zkminestark/contracts/zkmine_2g/src/tests/test_ve_phase8_combined.cairo:1118:10
    _s007// Step 3.4: ordinary component 4 (size=13)
         ^
note: this error originates in the attribute macro: `test`

error[E0006]: Identifier not found.
 --> /home/cactussediento/Proyectos/zkminestark/contracts/zkmine_2g/src/tests/test_ve_phase8_combined.cairo:1127:5
    _s008// Step 1: joint VE on special component 0 (size=45 width=7)
    ^^^^^
note: this error originates in the attribute macro: `test`

error: Missing semicolon
 --> /home/cactussediento/Proyectos/zkminestark/contracts/zkmine_2g/src/tests/test_ve_phase8_combined.cairo:1127:10
    _s008// Step 1: joint VE on special component 0 (size=45 width=7)
         ^
note: this error originates in the attribute macro: `test`

error[E0006]: Identifier not found.
 --> /home/cactussediento/Proyectos/zkminestark/contracts/zkmine_2g/src/tests/test_ve_phase8_combined.cairo:1133:5
    _s008// Step 2: joint VE on special component 1 (size=5 width=4)
    ^^^^^
note: this error originates in the attribute macro: `test`

error: Missing semicolon
 --> /home/cactussediento/Proyectos/zkminestark/contracts/zkmine_2g/src/tests/test_ve_phase8_combined.cairo:1133:10
    _s008// Step 2: joint VE on special component 1 (size=5 width=4)
         ^
note: this error originates in the attribute macro: `test`

error[E0006]: Identifier not found.
 --> /home/cactussediento/Proyectos/zkminestark/contracts/zkmine_2g/src/tests/test_ve_phase8_combined.cairo:1140:5
    _s008// Step 3.0: ordinary component 0 (size=16)
    ^^^^^
note: this error originates in the attribute macro: `test`

error: Missing semicolon
 --> /home/cactussediento/Proyectos/zkminestark/contracts/zkmine_2g/src/tests/test_ve_phase8_combined.cairo:1140:10
    _s008// Step 3.0: ordinary component 0 (size=16)
         ^
note: this error originates in the attribute macro: `test`

error[E0006]: Identifier not found.
 --> /home/cactussediento/Proyectos/zkminestark/contracts/zkmine_2g/src/tests/test_ve_phase8_combined.cairo:1145:5
    _s008// Step 4.1: ordinary component 1 (size=38)
    ^^^^^
note: this error originates in the attribute macro: `test`

error: Missing semicolon
 --> /home/cactussediento/Proyectos/zkminestark/contracts/zkmine_2g/src/tests/test_ve_phase8_combined.cairo:1145:10
    _s008// Step 4.1: ordinary component 1 (size=38)
         ^
note: this error originates in the attribute macro: `test`

error[E0006]: Identifier not found.
 --> /home/cactussediento/Proyectos/zkminestark/contracts/zkmine_2g/src/tests/test_ve_phase8_combined.cairo:1150:5
    _s008// Step 4.2: ordinary component 2 (size=20)
    ^^^^^
note: this error originates in the attribute macro: `test`

error: Missing semicolon
 --> /home/cactussediento/Proyectos/zkminestark/contracts/zkmine_2g/src/tests/test_ve_phase8_combined.cairo:1150:10
    _s008// Step 4.2: ordinary component 2 (size=20)
         ^
note: this error originates in the attribute macro: `test`

error[E0006]: Identifier not found.
 --> /home/cactussediento/Proyectos/zkminestark/contracts/zkmine_2g/src/tests/test_ve_phase8_combined.cairo:1155:5
    _s008// Step 4.3: ordinary component 3 (size=17)
    ^^^^^
note: this error originates in the attribute macro: `test`

error: Missing semicolon
 --> /home/cactussediento/Proyectos/zkminestark/contracts/zkmine_2g/src/tests/test_ve_phase8_combined.cairo:1155:10
    _s008// Step 4.3: ordinary component 3 (size=17)
         ^
note: this error originates in the attribute macro: `test`

error[E0006]: Identifier not found.
 --> /home/cactussediento/Proyectos/zkminestark/contracts/zkmine_2g/src/tests/test_ve_phase8_combined.cairo:1160:5
    _s008// Step 4.4: ordinary component 4 (size=13)
    ^^^^^
note: this error originates in the attribute macro: `test`

error: Missing semicolon
 --> /home/cactussediento/Proyectos/zkminestark/contracts/zkmine_2g/src/tests/test_ve_phase8_combined.cairo:1160:10
    _s008// Step 4.4: ordinary component 4 (size=13)
         ^
note: this error originates in the attribute macro: `test`

error[E0006]: Identifier not found.
 --> /home/cactussediento/Proyectos/zkminestark/contracts/zkmine_2g/src/tests/test_ve_phase8_combined.cairo:1165:5
    _s008// Step 9: unconstrained local (neighbors=1)
    ^^^^^
note: this error originates in the attribute macro: `test`

error: Missing semicolon
 --> /home/cactussediento/Proyectos/zkminestark/contracts/zkmine_2g/src/tests/test_ve_phase8_combined.cairo:1165:10
    _s008// Step 9: unconstrained local (neighbors=1)
         ^
note: this error originates in the attribute macro: `test`

error[E0006]: Identifier not found.
 --> /home/cactussediento/Proyectos/zkminestark/contracts/zkmine_2g/src/tests/test_ve_phase8_combined.cairo:1171:5
    _s009// Step 1: joint VE on special component 0 (size=51 width=7)
    ^^^^^
note: this error originates in the attribute macro: `test`

error: Missing semicolon
 --> /home/cactussediento/Proyectos/zkminestark/contracts/zkmine_2g/src/tests/test_ve_phase8_combined.cairo:1171:10
    _s009// Step 1: joint VE on special component 0 (size=51 width=7)
         ^
note: this error originates in the attribute macro: `test`

error[E0006]: Identifier not found.
 --> /home/cactussediento/Proyectos/zkminestark/contracts/zkmine_2g/src/tests/test_ve_phase8_combined.cairo:1178:5
    _s009// Step 2.0: ordinary component 0 (size=16)
    ^^^^^
note: this error originates in the attribute macro: `test`

error: Missing semicolon
 --> /home/cactussediento/Proyectos/zkminestark/contracts/zkmine_2g/src/tests/test_ve_phase8_combined.cairo:1178:10
    _s009// Step 2.0: ordinary component 0 (size=16)
         ^
note: this error originates in the attribute macro: `test`

error[E0006]: Identifier not found.
 --> /home/cactussediento/Proyectos/zkminestark/contracts/zkmine_2g/src/tests/test_ve_phase8_combined.cairo:1183:5
    _s009// Step 3.1: ordinary component 1 (size=38)
    ^^^^^
note: this error originates in the attribute macro: `test`

error: Missing semicolon
 --> /home/cactussediento/Proyectos/zkminestark/contracts/zkmine_2g/src/tests/test_ve_phase8_combined.cairo:1183:10
    _s009// Step 3.1: ordinary component 1 (size=38)
         ^
note: this error originates in the attribute macro: `test`

error[E0006]: Identifier not found.
 --> /home/cactussediento/Proyectos/zkminestark/contracts/zkmine_2g/src/tests/test_ve_phase8_combined.cairo:1188:5
    _s009// Step 3.2: ordinary component 2 (size=20)
    ^^^^^
note: this error originates in the attribute macro: `test`

error: Missing semicolon
 --> /home/cactussediento/Proyectos/zkminestark/contracts/zkmine_2g/src/tests/test_ve_phase8_combined.cairo:1188:10
    _s009// Step 3.2: ordinary component 2 (size=20)
         ^
note: this error originates in the attribute macro: `test`

error[E0006]: Identifier not found.
 --> /home/cactussediento/Proyectos/zkminestark/contracts/zkmine_2g/src/tests/test_ve_phase8_combined.cairo:1193:5
    _s009// Step 3.3: ordinary component 3 (size=17)
    ^^^^^
note: this error originates in the attribute macro: `test`

error: Missing semicolon
 --> /home/cactussediento/Proyectos/zkminestark/contracts/zkmine_2g/src/tests/test_ve_phase8_combined.cairo:1193:10
    _s009// Step 3.3: ordinary component 3 (size=17)
         ^
note: this error originates in the attribute macro: `test`

error[E0006]: Identifier not found.
 --> /home/cactussediento/Proyectos/zkminestark/contracts/zkmine_2g/src/tests/test_ve_phase8_combined.cairo:1198:5
    _s009// Step 3.4: ordinary component 4 (size=13)
    ^^^^^
note: this error originates in the attribute macro: `test`

error: Missing semicolon
 --> /home/cactussediento/Proyectos/zkminestark/contracts/zkmine_2g/src/tests/test_ve_phase8_combined.cairo:1198:10
    _s009// Step 3.4: ordinary component 4 (size=13)
         ^
note: this error originates in the attribute macro: `test`

error[E0006]: Identifier not found.
 --> /home/cactussediento/Proyectos/zkminestark/contracts/zkmine_2g/src/tests/test_ve_phase8_combined.cairo:1207:5
    _s010// Step 1: joint VE on special component 0 (size=51 width=7)
    ^^^^^
note: this error originates in the attribute macro: `test`

error: Missing semicolon
 --> /home/cactussediento/Proyectos/zkminestark/contracts/zkmine_2g/src/tests/test_ve_phase8_combined.cairo:1207:10
    _s010// Step 1: joint VE on special component 0 (size=51 width=7)
         ^
note: this error originates in the attribute macro: `test`

error[E0006]: Identifier not found.
 --> /home/cactussediento/Proyectos/zkminestark/contracts/zkmine_2g/src/tests/test_ve_phase8_combined.cairo:1214:5
    _s010// Step 2.0: ordinary component 0 (size=16)
    ^^^^^
note: this error originates in the attribute macro: `test`

error: Missing semicolon
 --> /home/cactussediento/Proyectos/zkminestark/contracts/zkmine_2g/src/tests/test_ve_phase8_combined.cairo:1214:10
    _s010// Step 2.0: ordinary component 0 (size=16)
         ^
note: this error originates in the attribute macro: `test`

error[E0006]: Identifier not found.
 --> /home/cactussediento/Proyectos/zkminestark/contracts/zkmine_2g/src/tests/test_ve_phase8_combined.cairo:1219:5
    _s010// Step 3.1: ordinary component 1 (size=38)
    ^^^^^
note: this error originates in the attribute macro: `test`

error: Missing semicolon
 --> /home/cactussediento/Proyectos/zkminestark/contracts/zkmine_2g/src/tests/test_ve_phase8_combined.cairo:1219:10
    _s010// Step 3.1: ordinary component 1 (size=38)
         ^
note: this error originates in the attribute macro: `test`

error[E0006]: Identifier not found.
 --> /home/cactussediento/Proyectos/zkminestark/contracts/zkmine_2g/src/tests/test_ve_phase8_combined.cairo:1224:5
    _s010// Step 3.2: ordinary component 2 (size=20)
    ^^^^^
note: this error originates in the attribute macro: `test`

error: Missing semicolon
 --> /home/cactussediento/Proyectos/zkminestark/contracts/zkmine_2g/src/tests/test_ve_phase8_combined.cairo:1224:10
    _s010// Step 3.2: ordinary component 2 (size=20)
         ^
note: this error originates in the attribute macro: `test`

error[E0006]: Identifier not found.
 --> /home/cactussediento/Proyectos/zkminestark/contracts/zkmine_2g/src/tests/test_ve_phase8_combined.cairo:1229:5
    _s010// Step 3.3: ordinary component 3 (size=17)
    ^^^^^
note: this error originates in the attribute macro: `test`

error: Missing semicolon
 --> /home/cactussediento/Proyectos/zkminestark/contracts/zkmine_2g/src/tests/test_ve_phase8_combined.cairo:1229:10
    _s010// Step 3.3: ordinary component 3 (size=17)
         ^
note: this error originates in the attribute macro: `test`

error[E0006]: Identifier not found.
 --> /home/cactussediento/Proyectos/zkminestark/contracts/zkmine_2g/src/tests/test_ve_phase8_combined.cairo:1234:5
    _s010// Step 3.4: ordinary component 4 (size=13)
    ^^^^^
note: this error originates in the attribute macro: `test`

error: Missing semicolon
 --> /home/cactussediento/Proyectos/zkminestark/contracts/zkmine_2g/src/tests/test_ve_phase8_combined.cairo:1234:10
    _s010// Step 3.4: ordinary component 4 (size=13)
         ^
note: this error originates in the attribute macro: `test`

error[E0006]: Identifier not found.
 --> /home/cactussediento/Proyectos/zkminestark/contracts/zkmine_2g/src/tests/test_ve_phase8_combined.cairo:1239:5
    _s010// Step 8: unconstrained local (neighbors=1)
    ^^^^^
note: this error originates in the attribute macro: `test`

error: Missing semicolon
 --> /home/cactussediento/Proyectos/zkminestark/contracts/zkmine_2g/src/tests/test_ve_phase8_combined.cairo:1239:10
    _s010// Step 8: unconstrained local (neighbors=1)
         ^
note: this error originates in the attribute macro: `test`

error[E0006]: Identifier not found.
 --> /home/cactussediento/Proyectos/zkminestark/contracts/zkmine_2g/src/tests/test_ve_phase8_combined.cairo:1245:5
    _s011// Step 1: joint VE on special component 0 (size=52 width=7)
    ^^^^^
note: this error originates in the attribute macro: `test`

error: Missing semicolon
 --> /home/cactussediento/Proyectos/zkminestark/contracts/zkmine_2g/src/tests/test_ve_phase8_combined.cairo:1245:10
    _s011// Step 1: joint VE on special component 0 (size=52 width=7)
         ^
note: this error originates in the attribute macro: `test`

error[E0006]: Identifier not found.
 --> /home/cactussediento/Proyectos/zkminestark/contracts/zkmine_2g/src/tests/test_ve_phase8_combined.cairo:1252:5
    _s011// Step 2.0: ordinary component 0 (size=16)
    ^^^^^
note: this error originates in the attribute macro: `test`

error: Missing semicolon
 --> /home/cactussediento/Proyectos/zkminestark/contracts/zkmine_2g/src/tests/test_ve_phase8_combined.cairo:1252:10
    _s011// Step 2.0: ordinary component 0 (size=16)
         ^
note: this error originates in the attribute macro: `test`

error[E0006]: Identifier not found.
 --> /home/cactussediento/Proyectos/zkminestark/contracts/zkmine_2g/src/tests/test_ve_phase8_combined.cairo:1257:5
    _s011// Step 3.1: ordinary component 1 (size=38)
    ^^^^^
note: this error originates in the attribute macro: `test`

error: Missing semicolon
 --> /home/cactussediento/Proyectos/zkminestark/contracts/zkmine_2g/src/tests/test_ve_phase8_combined.cairo:1257:10
    _s011// Step 3.1: ordinary component 1 (size=38)
         ^
note: this error originates in the attribute macro: `test`

error[E0006]: Identifier not found.
 --> /home/cactussediento/Proyectos/zkminestark/contracts/zkmine_2g/src/tests/test_ve_phase8_combined.cairo:1262:5
    _s011// Step 3.2: ordinary component 2 (size=20)
    ^^^^^
note: this error originates in the attribute macro: `test`

error: Missing semicolon
 --> /home/cactussediento/Proyectos/zkminestark/contracts/zkmine_2g/src/tests/test_ve_phase8_combined.cairo:1262:10
    _s011// Step 3.2: ordinary component 2 (size=20)
         ^
note: this error originates in the attribute macro: `test`

error[E0006]: Identifier not found.
 --> /home/cactussediento/Proyectos/zkminestark/contracts/zkmine_2g/src/tests/test_ve_phase8_combined.cairo:1267:5
    _s011// Step 3.3: ordinary component 3 (size=17)
    ^^^^^
note: this error originates in the attribute macro: `test`

error: Missing semicolon
 --> /home/cactussediento/Proyectos/zkminestark/contracts/zkmine_2g/src/tests/test_ve_phase8_combined.cairo:1267:10
    _s011// Step 3.3: ordinary component 3 (size=17)
         ^
note: this error originates in the attribute macro: `test`

error[E0006]: Identifier not found.
 --> /home/cactussediento/Proyectos/zkminestark/contracts/zkmine_2g/src/tests/test_ve_phase8_combined.cairo:1272:5
    _s011// Step 3.4: ordinary component 4 (size=13)
    ^^^^^
note: this error originates in the attribute macro: `test`

error: Missing semicolon
 --> /home/cactussediento/Proyectos/zkminestark/contracts/zkmine_2g/src/tests/test_ve_phase8_combined.cairo:1272:10
    _s011// Step 3.4: ordinary component 4 (size=13)
         ^
note: this error originates in the attribute macro: `test`

error[E0006]: Identifier not found.
 --> /home/cactussediento/Proyectos/zkminestark/contracts/zkmine_2g/src/tests/test_ve_phase8_combined.cairo:1281:5
    _s012// Step 1: joint VE on special component 0 (size=52 width=7)
    ^^^^^
note: this error originates in the attribute macro: `test`

error: Missing semicolon
 --> /home/cactussediento/Proyectos/zkminestark/contracts/zkmine_2g/src/tests/test_ve_phase8_combined.cairo:1281:10
    _s012// Step 1: joint VE on special component 0 (size=52 width=7)
         ^
note: this error originates in the attribute macro: `test`

error[E0006]: Identifier not found.
 --> /home/cactussediento/Proyectos/zkminestark/contracts/zkmine_2g/src/tests/test_ve_phase8_combined.cairo:1288:5
    _s012// Step 2.0: ordinary component 0 (size=16)
    ^^^^^
note: this error originates in the attribute macro: `test`

error: Missing semicolon
 --> /home/cactussediento/Proyectos/zkminestark/contracts/zkmine_2g/src/tests/test_ve_phase8_combined.cairo:1288:10
    _s012// Step 2.0: ordinary component 0 (size=16)
         ^
note: this error originates in the attribute macro: `test`

error[E0006]: Identifier not found.
 --> /home/cactussediento/Proyectos/zkminestark/contracts/zkmine_2g/src/tests/test_ve_phase8_combined.cairo:1293:5
    _s012// Step 3.1: ordinary component 1 (size=38)
    ^^^^^
note: this error originates in the attribute macro: `test`

error: Missing semicolon
 --> /home/cactussediento/Proyectos/zkminestark/contracts/zkmine_2g/src/tests/test_ve_phase8_combined.cairo:1293:10
    _s012// Step 3.1: ordinary component 1 (size=38)
         ^
note: this error originates in the attribute macro: `test`

error[E0006]: Identifier not found.
 --> /home/cactussediento/Proyectos/zkminestark/contracts/zkmine_2g/src/tests/test_ve_phase8_combined.cairo:1298:5
    _s012// Step 3.2: ordinary component 2 (size=20)
    ^^^^^
note: this error originates in the attribute macro: `test`

error: Missing semicolon
 --> /home/cactussediento/Proyectos/zkminestark/contracts/zkmine_2g/src/tests/test_ve_phase8_combined.cairo:1298:10
    _s012// Step 3.2: ordinary component 2 (size=20)
         ^
note: this error originates in the attribute macro: `test`

error[E0006]: Identifier not found.
 --> /home/cactussediento/Proyectos/zkminestark/contracts/zkmine_2g/src/tests/test_ve_phase8_combined.cairo:1303:5
    _s012// Step 3.3: ordinary component 3 (size=17)
    ^^^^^
note: this error originates in the attribute macro: `test`

error: Missing semicolon
 --> /home/cactussediento/Proyectos/zkminestark/contracts/zkmine_2g/src/tests/test_ve_phase8_combined.cairo:1303:10
    _s012// Step 3.3: ordinary component 3 (size=17)
         ^
note: this error originates in the attribute macro: `test`

error[E0006]: Identifier not found.
 --> /home/cactussediento/Proyectos/zkminestark/contracts/zkmine_2g/src/tests/test_ve_phase8_combined.cairo:1308:5
    _s012// Step 3.4: ordinary component 4 (size=13)
    ^^^^^
note: this error originates in the attribute macro: `test`

error: Missing semicolon
 --> /home/cactussediento/Proyectos/zkminestark/contracts/zkmine_2g/src/tests/test_ve_phase8_combined.cairo:1308:10
    _s012// Step 3.4: ordinary component 4 (size=13)
         ^
note: this error originates in the attribute macro: `test`

error[E0006]: Identifier not found.
 --> /home/cactussediento/Proyectos/zkminestark/contracts/zkmine_2g/src/tests/test_ve_phase8_combined.cairo:1313:5
    _s012// Step 8: unconstrained local (neighbors=3)
    ^^^^^
note: this error originates in the attribute macro: `test`

error: Missing semicolon
 --> /home/cactussediento/Proyectos/zkminestark/contracts/zkmine_2g/src/tests/test_ve_phase8_combined.cairo:1313:10
    _s012// Step 8: unconstrained local (neighbors=3)
         ^
note: this error originates in the attribute macro: `test`

error[E0006]: Identifier not found.
 --> /home/cactussediento/Proyectos/zkminestark/contracts/zkmine_2g/src/tests/test_ve_phase8_combined.cairo:1319:5
    _s013// Step 1: joint VE on special component 0 (size=55 width=7)
    ^^^^^
note: this error originates in the attribute macro: `test`

error: Missing semicolon
 --> /home/cactussediento/Proyectos/zkminestark/contracts/zkmine_2g/src/tests/test_ve_phase8_combined.cairo:1319:10
    _s013// Step 1: joint VE on special component 0 (size=55 width=7)
         ^
note: this error originates in the attribute macro: `test`

error[E0006]: Identifier not found.
 --> /home/cactussediento/Proyectos/zkminestark/contracts/zkmine_2g/src/tests/test_ve_phase8_combined.cairo:1326:5
    _s013// Step 2.0: ordinary component 0 (size=16)
    ^^^^^
note: this error originates in the attribute macro: `test`

error: Missing semicolon
 --> /home/cactussediento/Proyectos/zkminestark/contracts/zkmine_2g/src/tests/test_ve_phase8_combined.cairo:1326:10
    _s013// Step 2.0: ordinary component 0 (size=16)
         ^
note: this error originates in the attribute macro: `test`

error[E0006]: Identifier not found.
 --> /home/cactussediento/Proyectos/zkminestark/contracts/zkmine_2g/src/tests/test_ve_phase8_combined.cairo:1331:5
    _s013// Step 3.1: ordinary component 1 (size=38)
    ^^^^^
note: this error originates in the attribute macro: `test`

error: Missing semicolon
 --> /home/cactussediento/Proyectos/zkminestark/contracts/zkmine_2g/src/tests/test_ve_phase8_combined.cairo:1331:10
    _s013// Step 3.1: ordinary component 1 (size=38)
         ^
note: this error originates in the attribute macro: `test`

error[E0006]: Identifier not found.
 --> /home/cactussediento/Proyectos/zkminestark/contracts/zkmine_2g/src/tests/test_ve_phase8_combined.cairo:1336:5
    _s013// Step 3.2: ordinary component 2 (size=20)
    ^^^^^
note: this error originates in the attribute macro: `test`

error: Missing semicolon
 --> /home/cactussediento/Proyectos/zkminestark/contracts/zkmine_2g/src/tests/test_ve_phase8_combined.cairo:1336:10
    _s013// Step 3.2: ordinary component 2 (size=20)
         ^
note: this error originates in the attribute macro: `test`

error[E0006]: Identifier not found.
 --> /home/cactussediento/Proyectos/zkminestark/contracts/zkmine_2g/src/tests/test_ve_phase8_combined.cairo:1341:5
    _s013// Step 3.3: ordinary component 3 (size=17)
    ^^^^^
note: this error originates in the attribute macro: `test`

error: Missing semicolon
 --> /home/cactussediento/Proyectos/zkminestark/contracts/zkmine_2g/src/tests/test_ve_phase8_combined.cairo:1341:10
    _s013// Step 3.3: ordinary component 3 (size=17)
         ^
note: this error originates in the attribute macro: `test`

error[E0006]: Identifier not found.
 --> /home/cactussediento/Proyectos/zkminestark/contracts/zkmine_2g/src/tests/test_ve_phase8_combined.cairo:1346:5
    _s013// Step 3.4: ordinary component 4 (size=13)
    ^^^^^
note: this error originates in the attribute macro: `test`

error: Missing semicolon
 --> /home/cactussediento/Proyectos/zkminestark/contracts/zkmine_2g/src/tests/test_ve_phase8_combined.cairo:1346:10
    _s013// Step 3.4: ordinary component 4 (size=13)
         ^
note: this error originates in the attribute macro: `test`

error[E0006]: Identifier not found.
 --> /home/cactussediento/Proyectos/zkminestark/contracts/zkmine_2g/src/tests/test_ve_phase8_combined.cairo:1351:5
    _s013// Step 8: unconstrained local (neighbors=1)
    ^^^^^
note: this error originates in the attribute macro: `test`

error: Missing semicolon
 --> /home/cactussediento/Proyectos/zkminestark/contracts/zkmine_2g/src/tests/test_ve_phase8_combined.cairo:1351:10
    _s013// Step 8: unconstrained local (neighbors=1)
         ^
note: this error originates in the attribute macro: `test`

error[E0006]: Identifier not found.
 --> /home/cactussediento/Proyectos/zkminestark/contracts/zkmine_2g/src/tests/test_ve_phase8_combined.cairo:1357:5
    _s014// Step 1: joint VE on special component 0 (size=56 width=7)
    ^^^^^
note: this error originates in the attribute macro: `test`

error: Missing semicolon
 --> /home/cactussediento/Proyectos/zkminestark/contracts/zkmine_2g/src/tests/test_ve_phase8_combined.cairo:1357:10
    _s014// Step 1: joint VE on special component 0 (size=56 width=7)
         ^
note: this error originates in the attribute macro: `test`

error[E0006]: Identifier not found.
 --> /home/cactussediento/Proyectos/zkminestark/contracts/zkmine_2g/src/tests/test_ve_phase8_combined.cairo:1364:5
    _s014// Step 2.0: ordinary component 0 (size=16)
    ^^^^^
note: this error originates in the attribute macro: `test`

error: Missing semicolon
 --> /home/cactussediento/Proyectos/zkminestark/contracts/zkmine_2g/src/tests/test_ve_phase8_combined.cairo:1364:10
    _s014// Step 2.0: ordinary component 0 (size=16)
         ^
note: this error originates in the attribute macro: `test`

error[E0006]: Identifier not found.
 --> /home/cactussediento/Proyectos/zkminestark/contracts/zkmine_2g/src/tests/test_ve_phase8_combined.cairo:1369:5
    _s014// Step 3.1: ordinary component 1 (size=38)
    ^^^^^
note: this error originates in the attribute macro: `test`

error: Missing semicolon
 --> /home/cactussediento/Proyectos/zkminestark/contracts/zkmine_2g/src/tests/test_ve_phase8_combined.cairo:1369:10
    _s014// Step 3.1: ordinary component 1 (size=38)
         ^
note: this error originates in the attribute macro: `test`

error[E0006]: Identifier not found.
 --> /home/cactussediento/Proyectos/zkminestark/contracts/zkmine_2g/src/tests/test_ve_phase8_combined.cairo:1374:5
    _s014// Step 3.2: ordinary component 2 (size=20)
    ^^^^^
note: this error originates in the attribute macro: `test`

error: Missing semicolon
 --> /home/cactussediento/Proyectos/zkminestark/contracts/zkmine_2g/src/tests/test_ve_phase8_combined.cairo:1374:10
    _s014// Step 3.2: ordinary component 2 (size=20)
         ^
note: this error originates in the attribute macro: `test`

error[E0006]: Identifier not found.
 --> /home/cactussediento/Proyectos/zkminestark/contracts/zkmine_2g/src/tests/test_ve_phase8_combined.cairo:1379:5
    _s014// Step 3.3: ordinary component 3 (size=17)
    ^^^^^
note: this error originates in the attribute macro: `test`

error: Missing semicolon
 --> /home/cactussediento/Proyectos/zkminestark/contracts/zkmine_2g/src/tests/test_ve_phase8_combined.cairo:1379:10
    _s014// Step 3.3: ordinary component 3 (size=17)
         ^
note: this error originates in the attribute macro: `test`

error[E0006]: Identifier not found.
 --> /home/cactussediento/Proyectos/zkminestark/contracts/zkmine_2g/src/tests/test_ve_phase8_combined.cairo:1384:5
    _s014// Step 3.4: ordinary component 4 (size=13)
    ^^^^^
note: this error originates in the attribute macro: `test`

error: Missing semicolon
 --> /home/cactussediento/Proyectos/zkminestark/contracts/zkmine_2g/src/tests/test_ve_phase8_combined.cairo:1384:10
    _s014// Step 3.4: ordinary component 4 (size=13)
         ^
note: this error originates in the attribute macro: `test`

error[E0006]: Identifier not found.
 --> /home/cactussediento/Proyectos/zkminestark/contracts/zkmine_2g/src/tests/test_ve_phase8_combined.cairo:1389:5
    _s014// Step 8: unconstrained local (neighbors=1)
    ^^^^^
note: this error originates in the attribute macro: `test`

error: Missing semicolon
 --> /home/cactussediento/Proyectos/zkminestark/contracts/zkmine_2g/src/tests/test_ve_phase8_combined.cairo:1389:10
    _s014// Step 8: unconstrained local (neighbors=1)
         ^
note: this error originates in the attribute macro: `test`

error[E0006]: Identifier not found.
 --> /home/cactussediento/Proyectos/zkminestark/contracts/zkmine_2g/src/tests/test_ve_phase8_combined.cairo:1395:5
    _s015// Step 1: joint VE on special component 0 (size=57 width=7)
    ^^^^^
note: this error originates in the attribute macro: `test`

error: Missing semicolon
 --> /home/cactussediento/Proyectos/zkminestark/contracts/zkmine_2g/src/tests/test_ve_phase8_combined.cairo:1395:10
    _s015// Step 1: joint VE on special component 0 (size=57 width=7)
         ^
note: this error originates in the attribute macro: `test`

error[E0006]: Identifier not found.
 --> /home/cactussediento/Proyectos/zkminestark/contracts/zkmine_2g/src/tests/test_ve_phase8_combined.cairo:1402:5
    _s015// Step 2.0: ordinary component 0 (size=16)
    ^^^^^
note: this error originates in the attribute macro: `test`

error: Missing semicolon
 --> /home/cactussediento/Proyectos/zkminestark/contracts/zkmine_2g/src/tests/test_ve_phase8_combined.cairo:1402:10
    _s015// Step 2.0: ordinary component 0 (size=16)
         ^
note: this error originates in the attribute macro: `test`

error[E0006]: Identifier not found.
 --> /home/cactussediento/Proyectos/zkminestark/contracts/zkmine_2g/src/tests/test_ve_phase8_combined.cairo:1407:5
    _s015// Step 3.1: ordinary component 1 (size=38)
    ^^^^^
note: this error originates in the attribute macro: `test`

error: Missing semicolon
 --> /home/cactussediento/Proyectos/zkminestark/contracts/zkmine_2g/src/tests/test_ve_phase8_combined.cairo:1407:10
    _s015// Step 3.1: ordinary component 1 (size=38)
         ^
note: this error originates in the attribute macro: `test`

error[E0006]: Identifier not found.
 --> /home/cactussediento/Proyectos/zkminestark/contracts/zkmine_2g/src/tests/test_ve_phase8_combined.cairo:1412:5
    _s015// Step 3.2: ordinary component 2 (size=20)
    ^^^^^
note: this error originates in the attribute macro: `test`

error: Missing semicolon
 --> /home/cactussediento/Proyectos/zkminestark/contracts/zkmine_2g/src/tests/test_ve_phase8_combined.cairo:1412:10
    _s015// Step 3.2: ordinary component 2 (size=20)
         ^
note: this error originates in the attribute macro: `test`

error[E0006]: Identifier not found.
 --> /home/cactussediento/Proyectos/zkminestark/contracts/zkmine_2g/src/tests/test_ve_phase8_combined.cairo:1417:5
    _s015// Step 3.3: ordinary component 3 (size=17)
    ^^^^^
note: this error originates in the attribute macro: `test`

error: Missing semicolon
 --> /home/cactussediento/Proyectos/zkminestark/contracts/zkmine_2g/src/tests/test_ve_phase8_combined.cairo:1417:10
    _s015// Step 3.3: ordinary component 3 (size=17)
         ^
note: this error originates in the attribute macro: `test`

error[E0006]: Identifier not found.
 --> /home/cactussediento/Proyectos/zkminestark/contracts/zkmine_2g/src/tests/test_ve_phase8_combined.cairo:1422:5
    _s015// Step 3.4: ordinary component 4 (size=13)
    ^^^^^
note: this error originates in the attribute macro: `test`

error: Missing semicolon
 --> /home/cactussediento/Proyectos/zkminestark/contracts/zkmine_2g/src/tests/test_ve_phase8_combined.cairo:1422:10
    _s015// Step 3.4: ordinary component 4 (size=13)
         ^
note: this error originates in the attribute macro: `test`

error[E0006]: Identifier not found.
 --> /home/cactussediento/Proyectos/zkminestark/contracts/zkmine_2g/src/tests/test_ve_phase8_combined.cairo:1427:5
    _s015// Step 8: unconstrained local (neighbors=1)
    ^^^^^
note: this error originates in the attribute macro: `test`

error: Missing semicolon
 --> /home/cactussediento/Proyectos/zkminestark/contracts/zkmine_2g/src/tests/test_ve_phase8_combined.cairo:1427:10
    _s015// Step 8: unconstrained local (neighbors=1)
         ^
note: this error originates in the attribute macro: `test`

error[E0006]: Identifier not found.
 --> /home/cactussediento/Proyectos/zkminestark/contracts/zkmine_2g/src/tests/test_ve_phase8_combined.cairo:1433:5
    _s016// Step 1: joint VE on special component 0 (size=58 width=7)
    ^^^^^
note: this error originates in the attribute macro: `test`

error: Missing semicolon
 --> /home/cactussediento/Proyectos/zkminestark/contracts/zkmine_2g/src/tests/test_ve_phase8_combined.cairo:1433:10
    _s016// Step 1: joint VE on special component 0 (size=58 width=7)
         ^
note: this error originates in the attribute macro: `test`

error[E0006]: Identifier not found.
 --> /home/cactussediento/Proyectos/zkminestark/contracts/zkmine_2g/src/tests/test_ve_phase8_combined.cairo:1440:5
    _s016// Step 2.0: ordinary component 0 (size=16)
    ^^^^^
note: this error originates in the attribute macro: `test`

error: Missing semicolon
 --> /home/cactussediento/Proyectos/zkminestark/contracts/zkmine_2g/src/tests/test_ve_phase8_combined.cairo:1440:10
    _s016// Step 2.0: ordinary component 0 (size=16)
         ^
note: this error originates in the attribute macro: `test`

error[E0006]: Identifier not found.
 --> /home/cactussediento/Proyectos/zkminestark/contracts/zkmine_2g/src/tests/test_ve_phase8_combined.cairo:1445:5
    _s016// Step 3.1: ordinary component 1 (size=38)
    ^^^^^
note: this error originates in the attribute macro: `test`

error: Missing semicolon
 --> /home/cactussediento/Proyectos/zkminestark/contracts/zkmine_2g/src/tests/test_ve_phase8_combined.cairo:1445:10
    _s016// Step 3.1: ordinary component 1 (size=38)
         ^
note: this error originates in the attribute macro: `test`

error[E0006]: Identifier not found.
 --> /home/cactussediento/Proyectos/zkminestark/contracts/zkmine_2g/src/tests/test_ve_phase8_combined.cairo:1450:5
    _s016// Step 3.2: ordinary component 2 (size=20)
    ^^^^^
note: this error originates in the attribute macro: `test`

error: Missing semicolon
 --> /home/cactussediento/Proyectos/zkminestark/contracts/zkmine_2g/src/tests/test_ve_phase8_combined.cairo:1450:10
    _s016// Step 3.2: ordinary component 2 (size=20)
         ^
note: this error originates in the attribute macro: `test`

error[E0006]: Identifier not found.
 --> /home/cactussediento/Proyectos/zkminestark/contracts/zkmine_2g/src/tests/test_ve_phase8_combined.cairo:1455:5
    _s016// Step 3.3: ordinary component 3 (size=17)
    ^^^^^
note: this error originates in the attribute macro: `test`

error: Missing semicolon
 --> /home/cactussediento/Proyectos/zkminestark/contracts/zkmine_2g/src/tests/test_ve_phase8_combined.cairo:1455:10
    _s016// Step 3.3: ordinary component 3 (size=17)
         ^
note: this error originates in the attribute macro: `test`

error[E0006]: Identifier not found.
 --> /home/cactussediento/Proyectos/zkminestark/contracts/zkmine_2g/src/tests/test_ve_phase8_combined.cairo:1460:5
    _s016// Step 3.4: ordinary component 4 (size=13)
    ^^^^^
note: this error originates in the attribute macro: `test`

error: Missing semicolon
 --> /home/cactussediento/Proyectos/zkminestark/contracts/zkmine_2g/src/tests/test_ve_phase8_combined.cairo:1460:10
    _s016// Step 3.4: ordinary component 4 (size=13)
         ^
note: this error originates in the attribute macro: `test`

error[E0006]: Identifier not found.
 --> /home/cactussediento/Proyectos/zkminestark/contracts/zkmine_2g/src/tests/test_ve_phase8_combined.cairo:1465:5
    _s016// Step 8: unconstrained local (neighbors=1)
    ^^^^^
note: this error originates in the attribute macro: `test`

error: Missing semicolon
 --> /home/cactussediento/Proyectos/zkminestark/contracts/zkmine_2g/src/tests/test_ve_phase8_combined.cairo:1465:10
    _s016// Step 8: unconstrained local (neighbors=1)
         ^
note: this error originates in the attribute macro: `test`

error[E0006]: Identifier not found.
 --> /home/cactussediento/Proyectos/zkminestark/contracts/zkmine_2g/src/tests/test_ve_phase8_combined.cairo:1471:5
    _s017// Step 1: joint VE on special component 0 (size=52 width=7)
    ^^^^^
note: this error originates in the attribute macro: `test`

error: Missing semicolon
 --> /home/cactussediento/Proyectos/zkminestark/contracts/zkmine_2g/src/tests/test_ve_phase8_combined.cairo:1471:10
    _s017// Step 1: joint VE on special component 0 (size=52 width=7)
         ^
note: this error originates in the attribute macro: `test`

error[E0006]: Identifier not found.
 --> /home/cactussediento/Proyectos/zkminestark/contracts/zkmine_2g/src/tests/test_ve_phase8_combined.cairo:1478:5
    _s017// Step 2.0: ordinary component 0 (size=16)
    ^^^^^
note: this error originates in the attribute macro: `test`

error: Missing semicolon
 --> /home/cactussediento/Proyectos/zkminestark/contracts/zkmine_2g/src/tests/test_ve_phase8_combined.cairo:1478:10
    _s017// Step 2.0: ordinary component 0 (size=16)
         ^
note: this error originates in the attribute macro: `test`

error[E0006]: Identifier not found.
 --> /home/cactussediento/Proyectos/zkminestark/contracts/zkmine_2g/src/tests/test_ve_phase8_combined.cairo:1483:5
    _s017// Step 3.1: ordinary component 1 (size=38)
    ^^^^^
note: this error originates in the attribute macro: `test`

error: Missing semicolon
 --> /home/cactussediento/Proyectos/zkminestark/contracts/zkmine_2g/src/tests/test_ve_phase8_combined.cairo:1483:10
    _s017// Step 3.1: ordinary component 1 (size=38)
         ^
note: this error originates in the attribute macro: `test`

error[E0006]: Identifier not found.
 --> /home/cactussediento/Proyectos/zkminestark/contracts/zkmine_2g/src/tests/test_ve_phase8_combined.cairo:1488:5
    _s017// Step 3.2: ordinary component 2 (size=20)
    ^^^^^
note: this error originates in the attribute macro: `test`

error: Missing semicolon
 --> /home/cactussediento/Proyectos/zkminestark/contracts/zkmine_2g/src/tests/test_ve_phase8_combined.cairo:1488:10
    _s017// Step 3.2: ordinary component 2 (size=20)
         ^
note: this error originates in the attribute macro: `test`

error[E0006]: Identifier not found.
 --> /home/cactussediento/Proyectos/zkminestark/contracts/zkmine_2g/src/tests/test_ve_phase8_combined.cairo:1493:5
    _s017// Step 3.3: ordinary component 3 (size=17)
    ^^^^^
note: this error originates in the attribute macro: `test`

error: Missing semicolon
 --> /home/cactussediento/Proyectos/zkminestark/contracts/zkmine_2g/src/tests/test_ve_phase8_combined.cairo:1493:10
    _s017// Step 3.3: ordinary component 3 (size=17)
         ^
note: this error originates in the attribute macro: `test`

error[E0006]: Identifier not found.
 --> /home/cactussediento/Proyectos/zkminestark/contracts/zkmine_2g/src/tests/test_ve_phase8_combined.cairo:1498:5
    _s017// Step 3.4: ordinary component 4 (size=13)
    ^^^^^
note: this error originates in the attribute macro: `test`

error: Missing semicolon
 --> /home/cactussediento/Proyectos/zkminestark/contracts/zkmine_2g/src/tests/test_ve_phase8_combined.cairo:1498:10
    _s017// Step 3.4: ordinary component 4 (size=13)
         ^
note: this error originates in the attribute macro: `test`

error[E0006]: Identifier not found.
 --> /home/cactussediento/Proyectos/zkminestark/contracts/zkmine_2g/src/tests/test_ve_phase8_combined.cairo:1503:5
    _s017// Step 8: unconstrained local (neighbors=1)
    ^^^^^
note: this error originates in the attribute macro: `test`

error: Missing semicolon
 --> /home/cactussediento/Proyectos/zkminestark/contracts/zkmine_2g/src/tests/test_ve_phase8_combined.cairo:1503:10
    _s017// Step 8: unconstrained local (neighbors=1)
         ^
note: this error originates in the attribute macro: `test`

error[E0006]: Identifier not found.
 --> /home/cactussediento/Proyectos/zkminestark/contracts/zkmine_2g/src/tests/test_ve_phase8_combined.cairo:1509:5
    _s018// Step 1: joint VE on special component 0 (size=53 width=7)
    ^^^^^
note: this error originates in the attribute macro: `test`

error: Missing semicolon
 --> /home/cactussediento/Proyectos/zkminestark/contracts/zkmine_2g/src/tests/test_ve_phase8_combined.cairo:1509:10
    _s018// Step 1: joint VE on special component 0 (size=53 width=7)
         ^
note: this error originates in the attribute macro: `test`

error[E0006]: Identifier not found.
 --> /home/cactussediento/Proyectos/zkminestark/contracts/zkmine_2g/src/tests/test_ve_phase8_combined.cairo:1516:5
    _s018// Step 2.0: ordinary component 0 (size=16)
    ^^^^^
note: this error originates in the attribute macro: `test`

error: Missing semicolon
 --> /home/cactussediento/Proyectos/zkminestark/contracts/zkmine_2g/src/tests/test_ve_phase8_combined.cairo:1516:10
    _s018// Step 2.0: ordinary component 0 (size=16)
         ^
note: this error originates in the attribute macro: `test`

error[E0006]: Identifier not found.
 --> /home/cactussediento/Proyectos/zkminestark/contracts/zkmine_2g/src/tests/test_ve_phase8_combined.cairo:1521:5
    _s018// Step 3.1: ordinary component 1 (size=38)
    ^^^^^
note: this error originates in the attribute macro: `test`

error: Missing semicolon
 --> /home/cactussediento/Proyectos/zkminestark/contracts/zkmine_2g/src/tests/test_ve_phase8_combined.cairo:1521:10
    _s018// Step 3.1: ordinary component 1 (size=38)
         ^
note: this error originates in the attribute macro: `test`

error[E0006]: Identifier not found.
 --> /home/cactussediento/Proyectos/zkminestark/contracts/zkmine_2g/src/tests/test_ve_phase8_combined.cairo:1526:5
    _s018// Step 3.2: ordinary component 2 (size=20)
    ^^^^^
note: this error originates in the attribute macro: `test`

error: Missing semicolon
 --> /home/cactussediento/Proyectos/zkminestark/contracts/zkmine_2g/src/tests/test_ve_phase8_combined.cairo:1526:10
    _s018// Step 3.2: ordinary component 2 (size=20)
         ^
note: this error originates in the attribute macro: `test`

error[E0006]: Identifier not found.
 --> /home/cactussediento/Proyectos/zkminestark/contracts/zkmine_2g/src/tests/test_ve_phase8_combined.cairo:1531:5
    _s018// Step 3.3: ordinary component 3 (size=17)
    ^^^^^
note: this error originates in the attribute macro: `test`

error: Missing semicolon
 --> /home/cactussediento/Proyectos/zkminestark/contracts/zkmine_2g/src/tests/test_ve_phase8_combined.cairo:1531:10
    _s018// Step 3.3: ordinary component 3 (size=17)
         ^
note: this error originates in the attribute macro: `test`

error[E0006]: Identifier not found.
 --> /home/cactussediento/Proyectos/zkminestark/contracts/zkmine_2g/src/tests/test_ve_phase8_combined.cairo:1536:5
    _s018// Step 3.4: ordinary component 4 (size=13)
    ^^^^^
note: this error originates in the attribute macro: `test`

error: Missing semicolon
 --> /home/cactussediento/Proyectos/zkminestark/contracts/zkmine_2g/src/tests/test_ve_phase8_combined.cairo:1536:10
    _s018// Step 3.4: ordinary component 4 (size=13)
         ^
note: this error originates in the attribute macro: `test`

error[E0006]: Identifier not found.
 --> /home/cactussediento/Proyectos/zkminestark/contracts/zkmine_2g/src/tests/test_ve_phase8_combined.cairo:1541:5
    _s018// Step 8: unconstrained local (neighbors=3)
    ^^^^^
note: this error originates in the attribute macro: `test`

error: Missing semicolon
 --> /home/cactussediento/Proyectos/zkminestark/contracts/zkmine_2g/src/tests/test_ve_phase8_combined.cairo:1541:10
    _s018// Step 8: unconstrained local (neighbors=3)
         ^
note: this error originates in the attribute macro: `test`

error[E0006]: Identifier not found.
 --> /home/cactussediento/Proyectos/zkminestark/contracts/zkmine_2g/src/tests/test_ve_phase8_combined.cairo:1547:5
    _s019// Step 1: joint VE on special component 0 (size=56 width=7)
    ^^^^^
note: this error originates in the attribute macro: `test`

error: Missing semicolon
 --> /home/cactussediento/Proyectos/zkminestark/contracts/zkmine_2g/src/tests/test_ve_phase8_combined.cairo:1547:10
    _s019// Step 1: joint VE on special component 0 (size=56 width=7)
         ^
note: this error originates in the attribute macro: `test`

error[E0006]: Identifier not found.
 --> /home/cactussediento/Proyectos/zkminestark/contracts/zkmine_2g/src/tests/test_ve_phase8_combined.cairo:1554:5
    _s019// Step 2.0: ordinary component 0 (size=16)
    ^^^^^
note: this error originates in the attribute macro: `test`

error: Missing semicolon
 --> /home/cactussediento/Proyectos/zkminestark/contracts/zkmine_2g/src/tests/test_ve_phase8_combined.cairo:1554:10
    _s019// Step 2.0: ordinary component 0 (size=16)
         ^
note: this error originates in the attribute macro: `test`

error[E0006]: Identifier not found.
 --> /home/cactussediento/Proyectos/zkminestark/contracts/zkmine_2g/src/tests/test_ve_phase8_combined.cairo:1559:5
    _s019// Step 3.1: ordinary component 1 (size=38)
    ^^^^^
note: this error originates in the attribute macro: `test`

error: Missing semicolon
 --> /home/cactussediento/Proyectos/zkminestark/contracts/zkmine_2g/src/tests/test_ve_phase8_combined.cairo:1559:10
    _s019// Step 3.1: ordinary component 1 (size=38)
         ^
note: this error originates in the attribute macro: `test`

error[E0006]: Identifier not found.
 --> /home/cactussediento/Proyectos/zkminestark/contracts/zkmine_2g/src/tests/test_ve_phase8_combined.cairo:1564:5
    _s019// Step 3.2: ordinary component 2 (size=20)
    ^^^^^
note: this error originates in the attribute macro: `test`

error: Missing semicolon
 --> /home/cactussediento/Proyectos/zkminestark/contracts/zkmine_2g/src/tests/test_ve_phase8_combined.cairo:1564:10
    _s019// Step 3.2: ordinary component 2 (size=20)
         ^
note: this error originates in the attribute macro: `test`

error[E0006]: Identifier not found.
 --> /home/cactussediento/Proyectos/zkminestark/contracts/zkmine_2g/src/tests/test_ve_phase8_combined.cairo:1569:5
    _s019// Step 3.3: ordinary component 3 (size=17)
    ^^^^^
note: this error originates in the attribute macro: `test`

error: Missing semicolon
 --> /home/cactussediento/Proyectos/zkminestark/contracts/zkmine_2g/src/tests/test_ve_phase8_combined.cairo:1569:10
    _s019// Step 3.3: ordinary component 3 (size=17)
         ^
note: this error originates in the attribute macro: `test`

error[E0006]: Identifier not found.
 --> /home/cactussediento/Proyectos/zkminestark/contracts/zkmine_2g/src/tests/test_ve_phase8_combined.cairo:1574:5
    _s019// Step 3.4: ordinary component 4 (size=13)
    ^^^^^
note: this error originates in the attribute macro: `test`

error: Missing semicolon
 --> /home/cactussediento/Proyectos/zkminestark/contracts/zkmine_2g/src/tests/test_ve_phase8_combined.cairo:1574:10
    _s019// Step 3.4: ordinary component 4 (size=13)
         ^
note: this error originates in the attribute macro: `test`

error[E0006]: Identifier not found.
 --> /home/cactussediento/Proyectos/zkminestark/contracts/zkmine_2g/src/tests/test_ve_phase8_combined.cairo:1579:5
    _s019// Step 8: unconstrained local (neighbors=1)
    ^^^^^
note: this error originates in the attribute macro: `test`

error: Missing semicolon
 --> /home/cactussediento/Proyectos/zkminestark/contracts/zkmine_2g/src/tests/test_ve_phase8_combined.cairo:1579:10
    _s019// Step 8: unconstrained local (neighbors=1)
         ^
note: this error originates in the attribute macro: `test`

error[E0006]: Identifier not found.
 --> /home/cactussediento/Proyectos/zkminestark/contracts/zkmine_2g/src/tests/test_ve_phase8_combined.cairo:1585:5
    _s020// Step 1: joint VE on special component 0 (size=57 width=7)
    ^^^^^
note: this error originates in the attribute macro: `test`

error: Missing semicolon
 --> /home/cactussediento/Proyectos/zkminestark/contracts/zkmine_2g/src/tests/test_ve_phase8_combined.cairo:1585:10
    _s020// Step 1: joint VE on special component 0 (size=57 width=7)
         ^
note: this error originates in the attribute macro: `test`

error[E0006]: Identifier not found.
 --> /home/cactussediento/Proyectos/zkminestark/contracts/zkmine_2g/src/tests/test_ve_phase8_combined.cairo:1591:5
    _s020// Step 2: joint VE on special component 1 (size=38 width=7)
    ^^^^^
note: this error originates in the attribute macro: `test`

error: Missing semicolon
 --> /home/cactussediento/Proyectos/zkminestark/contracts/zkmine_2g/src/tests/test_ve_phase8_combined.cairo:1591:10
    _s020// Step 2: joint VE on special component 1 (size=38 width=7)
         ^
note: this error originates in the attribute macro: `test`

error[E0006]: Identifier not found.
 --> /home/cactussediento/Proyectos/zkminestark/contracts/zkmine_2g/src/tests/test_ve_phase8_combined.cairo:1598:5
    _s020// Step 3.0: ordinary component 0 (size=16)
    ^^^^^
note: this error originates in the attribute macro: `test`

error: Missing semicolon
 --> /home/cactussediento/Proyectos/zkminestark/contracts/zkmine_2g/src/tests/test_ve_phase8_combined.cairo:1598:10
    _s020// Step 3.0: ordinary component 0 (size=16)
         ^
note: this error originates in the attribute macro: `test`

error[E0006]: Identifier not found.
 --> /home/cactussediento/Proyectos/zkminestark/contracts/zkmine_2g/src/tests/test_ve_phase8_combined.cairo:1603:5
    _s020// Step 4.1: ordinary component 1 (size=20)
    ^^^^^
note: this error originates in the attribute macro: `test`

error: Missing semicolon
 --> /home/cactussediento/Proyectos/zkminestark/contracts/zkmine_2g/src/tests/test_ve_phase8_combined.cairo:1603:10
    _s020// Step 4.1: ordinary component 1 (size=20)
         ^
note: this error originates in the attribute macro: `test`

error[E0006]: Identifier not found.
 --> /home/cactussediento/Proyectos/zkminestark/contracts/zkmine_2g/src/tests/test_ve_phase8_combined.cairo:1608:5
    _s020// Step 4.2: ordinary component 2 (size=17)
    ^^^^^
note: this error originates in the attribute macro: `test`

error: Missing semicolon
 --> /home/cactussediento/Proyectos/zkminestark/contracts/zkmine_2g/src/tests/test_ve_phase8_combined.cairo:1608:10
    _s020// Step 4.2: ordinary component 2 (size=17)
         ^
note: this error originates in the attribute macro: `test`

error[E0006]: Identifier not found.
 --> /home/cactussediento/Proyectos/zkminestark/contracts/zkmine_2g/src/tests/test_ve_phase8_combined.cairo:1613:5
    _s020// Step 4.3: ordinary component 3 (size=13)
    ^^^^^
note: this error originates in the attribute macro: `test`

error: Missing semicolon
 --> /home/cactussediento/Proyectos/zkminestark/contracts/zkmine_2g/src/tests/test_ve_phase8_combined.cairo:1613:10
    _s020// Step 4.3: ordinary component 3 (size=13)
         ^
note: this error originates in the attribute macro: `test`

error[E0006]: Identifier not found.
 --> /home/cactussediento/Proyectos/zkminestark/contracts/zkmine_2g/src/tests/test_ve_phase8_combined.cairo:1622:5
    _s021// Step 1: joint VE on special component 0 (size=95 width=7)
    ^^^^^
note: this error originates in the attribute macro: `test`

error: Missing semicolon
 --> /home/cactussediento/Proyectos/zkminestark/contracts/zkmine_2g/src/tests/test_ve_phase8_combined.cairo:1622:10
    _s021// Step 1: joint VE on special component 0 (size=95 width=7)
         ^
note: this error originates in the attribute macro: `test`

error[E0006]: Identifier not found.
 --> /home/cactussediento/Proyectos/zkminestark/contracts/zkmine_2g/src/tests/test_ve_phase8_combined.cairo:1629:5
    _s021// Step 2.0: ordinary component 0 (size=16)
    ^^^^^
note: this error originates in the attribute macro: `test`

error: Missing semicolon
 --> /home/cactussediento/Proyectos/zkminestark/contracts/zkmine_2g/src/tests/test_ve_phase8_combined.cairo:1629:10
    _s021// Step 2.0: ordinary component 0 (size=16)
         ^
note: this error originates in the attribute macro: `test`

error[E0006]: Identifier not found.
 --> /home/cactussediento/Proyectos/zkminestark/contracts/zkmine_2g/src/tests/test_ve_phase8_combined.cairo:1634:5
    _s021// Step 3.1: ordinary component 1 (size=20)
    ^^^^^
note: this error originates in the attribute macro: `test`

error: Missing semicolon
 --> /home/cactussediento/Proyectos/zkminestark/contracts/zkmine_2g/src/tests/test_ve_phase8_combined.cairo:1634:10
    _s021// Step 3.1: ordinary component 1 (size=20)
         ^
note: this error originates in the attribute macro: `test`

error[E0006]: Identifier not found.
 --> /home/cactussediento/Proyectos/zkminestark/contracts/zkmine_2g/src/tests/test_ve_phase8_combined.cairo:1639:5
    _s021// Step 3.2: ordinary component 2 (size=17)
    ^^^^^
note: this error originates in the attribute macro: `test`

error: Missing semicolon
 --> /home/cactussediento/Proyectos/zkminestark/contracts/zkmine_2g/src/tests/test_ve_phase8_combined.cairo:1639:10
    _s021// Step 3.2: ordinary component 2 (size=17)
         ^
note: this error originates in the attribute macro: `test`

error[E0006]: Identifier not found.
 --> /home/cactussediento/Proyectos/zkminestark/contracts/zkmine_2g/src/tests/test_ve_phase8_combined.cairo:1644:5
    _s021// Step 3.3: ordinary component 3 (size=13)
    ^^^^^
note: this error originates in the attribute macro: `test`

error: Missing semicolon
 --> /home/cactussediento/Proyectos/zkminestark/contracts/zkmine_2g/src/tests/test_ve_phase8_combined.cairo:1644:10
    _s021// Step 3.3: ordinary component 3 (size=13)
         ^
note: this error originates in the attribute macro: `test`

error[E0006]: Identifier not found.
 --> /home/cactussediento/Proyectos/zkminestark/contracts/zkmine_2g/src/tests/test_ve_phase8_combined.cairo:1653:5
    _s022// Step 1: joint VE on special component 0 (size=95 width=7)
    ^^^^^
note: this error originates in the attribute macro: `test`

error: Missing semicolon
 --> /home/cactussediento/Proyectos/zkminestark/contracts/zkmine_2g/src/tests/test_ve_phase8_combined.cairo:1653:10
    _s022// Step 1: joint VE on special component 0 (size=95 width=7)
         ^
note: this error originates in the attribute macro: `test`

error[E0006]: Identifier not found.
 --> /home/cactussediento/Proyectos/zkminestark/contracts/zkmine_2g/src/tests/test_ve_phase8_combined.cairo:1660:5
    _s022// Step 2.0: ordinary component 0 (size=16)
    ^^^^^
note: this error originates in the attribute macro: `test`

error: Missing semicolon
 --> /home/cactussediento/Proyectos/zkminestark/contracts/zkmine_2g/src/tests/test_ve_phase8_combined.cairo:1660:10
    _s022// Step 2.0: ordinary component 0 (size=16)
         ^
note: this error originates in the attribute macro: `test`

error[E0006]: Identifier not found.
 --> /home/cactussediento/Proyectos/zkminestark/contracts/zkmine_2g/src/tests/test_ve_phase8_combined.cairo:1665:5
    _s022// Step 3.1: ordinary component 1 (size=20)
    ^^^^^
note: this error originates in the attribute macro: `test`

error: Missing semicolon
 --> /home/cactussediento/Proyectos/zkminestark/contracts/zkmine_2g/src/tests/test_ve_phase8_combined.cairo:1665:10
    _s022// Step 3.1: ordinary component 1 (size=20)
         ^
note: this error originates in the attribute macro: `test`

error[E0006]: Identifier not found.
 --> /home/cactussediento/Proyectos/zkminestark/contracts/zkmine_2g/src/tests/test_ve_phase8_combined.cairo:1670:5
    _s022// Step 3.2: ordinary component 2 (size=17)
    ^^^^^
note: this error originates in the attribute macro: `test`

error: Missing semicolon
 --> /home/cactussediento/Proyectos/zkminestark/contracts/zkmine_2g/src/tests/test_ve_phase8_combined.cairo:1670:10
    _s022// Step 3.2: ordinary component 2 (size=17)
         ^
note: this error originates in the attribute macro: `test`

error[E0006]: Identifier not found.
 --> /home/cactussediento/Proyectos/zkminestark/contracts/zkmine_2g/src/tests/test_ve_phase8_combined.cairo:1675:5
    _s022// Step 3.3: ordinary component 3 (size=13)
    ^^^^^
note: this error originates in the attribute macro: `test`

error: Missing semicolon
 --> /home/cactussediento/Proyectos/zkminestark/contracts/zkmine_2g/src/tests/test_ve_phase8_combined.cairo:1675:10
    _s022// Step 3.3: ordinary component 3 (size=13)
         ^
note: this error originates in the attribute macro: `test`

error[E0006]: Identifier not found.
 --> /home/cactussediento/Proyectos/zkminestark/contracts/zkmine_2g/src/tests/test_ve_phase8_combined.cairo:1684:5
    _s023// Step 1: joint VE on special component 0 (size=95 width=7)
    ^^^^^
note: this error originates in the attribute macro: `test`

error: Missing semicolon
 --> /home/cactussediento/Proyectos/zkminestark/contracts/zkmine_2g/src/tests/test_ve_phase8_combined.cairo:1684:10
    _s023// Step 1: joint VE on special component 0 (size=95 width=7)
         ^
note: this error originates in the attribute macro: `test`

error[E0006]: Identifier not found.
 --> /home/cactussediento/Proyectos/zkminestark/contracts/zkmine_2g/src/tests/test_ve_phase8_combined.cairo:1691:5
    _s023// Step 2.0: ordinary component 0 (size=16)
    ^^^^^
note: this error originates in the attribute macro: `test`

error: Missing semicolon
 --> /home/cactussediento/Proyectos/zkminestark/contracts/zkmine_2g/src/tests/test_ve_phase8_combined.cairo:1691:10
    _s023// Step 2.0: ordinary component 0 (size=16)
         ^
note: this error originates in the attribute macro: `test`

error[E0006]: Identifier not found.
 --> /home/cactussediento/Proyectos/zkminestark/contracts/zkmine_2g/src/tests/test_ve_phase8_combined.cairo:1696:5
    _s023// Step 3.1: ordinary component 1 (size=20)
    ^^^^^
note: this error originates in the attribute macro: `test`

error: Missing semicolon
 --> /home/cactussediento/Proyectos/zkminestark/contracts/zkmine_2g/src/tests/test_ve_phase8_combined.cairo:1696:10
    _s023// Step 3.1: ordinary component 1 (size=20)
         ^
note: this error originates in the attribute macro: `test`

error[E0006]: Identifier not found.
 --> /home/cactussediento/Proyectos/zkminestark/contracts/zkmine_2g/src/tests/test_ve_phase8_combined.cairo:1701:5
    _s023// Step 3.2: ordinary component 2 (size=17)
    ^^^^^
note: this error originates in the attribute macro: `test`

error: Missing semicolon
 --> /home/cactussediento/Proyectos/zkminestark/contracts/zkmine_2g/src/tests/test_ve_phase8_combined.cairo:1701:10
    _s023// Step 3.2: ordinary component 2 (size=17)
         ^
note: this error originates in the attribute macro: `test`

error[E0006]: Identifier not found.
 --> /home/cactussediento/Proyectos/zkminestark/contracts/zkmine_2g/src/tests/test_ve_phase8_combined.cairo:1706:5
    _s023// Step 3.3: ordinary component 3 (size=13)
    ^^^^^
note: this error originates in the attribute macro: `test`

error: Missing semicolon
 --> /home/cactussediento/Proyectos/zkminestark/contracts/zkmine_2g/src/tests/test_ve_phase8_combined.cairo:1706:10
    _s023// Step 3.3: ordinary component 3 (size=13)
         ^
note: this error originates in the attribute macro: `test`

error[E0006]: Identifier not found.
 --> /home/cactussediento/Proyectos/zkminestark/contracts/zkmine_2g/src/tests/test_ve_phase8_combined.cairo:1711:5
    _s023// Step 7: unconstrained local (neighbors=1)
    ^^^^^
note: this error originates in the attribute macro: `test`

error: Missing semicolon
 --> /home/cactussediento/Proyectos/zkminestark/contracts/zkmine_2g/src/tests/test_ve_phase8_combined.cairo:1711:10
    _s023// Step 7: unconstrained local (neighbors=1)
         ^
note: this error originates in the attribute macro: `test`

error[E0006]: Identifier not found.
 --> /home/cactussediento/Proyectos/zkminestark/contracts/zkmine_2g/src/tests/test_ve_phase8_combined.cairo:1717:5
    _s024// Step 1: joint VE on special component 0 (size=51 width=7)
    ^^^^^
note: this error originates in the attribute macro: `test`

error: Missing semicolon
 --> /home/cactussediento/Proyectos/zkminestark/contracts/zkmine_2g/src/tests/test_ve_phase8_combined.cairo:1717:10
    _s024// Step 1: joint VE on special component 0 (size=51 width=7)
         ^
note: this error originates in the attribute macro: `test`

error[E0006]: Identifier not found.
 --> /home/cactussediento/Proyectos/zkminestark/contracts/zkmine_2g/src/tests/test_ve_phase8_combined.cairo:1724:5
    _s024// Step 2.0: ordinary component 0 (size=16)
    ^^^^^
note: this error originates in the attribute macro: `test`

error: Missing semicolon
 --> /home/cactussediento/Proyectos/zkminestark/contracts/zkmine_2g/src/tests/test_ve_phase8_combined.cairo:1724:10
    _s024// Step 2.0: ordinary component 0 (size=16)
         ^
note: this error originates in the attribute macro: `test`

error[E0006]: Identifier not found.
 --> /home/cactussediento/Proyectos/zkminestark/contracts/zkmine_2g/src/tests/test_ve_phase8_combined.cairo:1729:5
    _s024// Step 3.1: ordinary component 1 (size=35)
    ^^^^^
note: this error originates in the attribute macro: `test`

error: Missing semicolon
 --> /home/cactussediento/Proyectos/zkminestark/contracts/zkmine_2g/src/tests/test_ve_phase8_combined.cairo:1729:10
    _s024// Step 3.1: ordinary component 1 (size=35)
         ^
note: this error originates in the attribute macro: `test`

error[E0006]: Identifier not found.
 --> /home/cactussediento/Proyectos/zkminestark/contracts/zkmine_2g/src/tests/test_ve_phase8_combined.cairo:1734:5
    _s024// Step 3.2: ordinary component 2 (size=20)
    ^^^^^
note: this error originates in the attribute macro: `test`

error: Missing semicolon
 --> /home/cactussediento/Proyectos/zkminestark/contracts/zkmine_2g/src/tests/test_ve_phase8_combined.cairo:1734:10
    _s024// Step 3.2: ordinary component 2 (size=20)
         ^
note: this error originates in the attribute macro: `test`

error[E0006]: Identifier not found.
 --> /home/cactussediento/Proyectos/zkminestark/contracts/zkmine_2g/src/tests/test_ve_phase8_combined.cairo:1739:5
    _s024// Step 3.3: ordinary component 3 (size=17)
    ^^^^^
note: this error originates in the attribute macro: `test`

error: Missing semicolon
 --> /home/cactussediento/Proyectos/zkminestark/contracts/zkmine_2g/src/tests/test_ve_phase8_combined.cairo:1739:10
    _s024// Step 3.3: ordinary component 3 (size=17)
         ^
note: this error originates in the attribute macro: `test`

error[E0006]: Identifier not found.
 --> /home/cactussediento/Proyectos/zkminestark/contracts/zkmine_2g/src/tests/test_ve_phase8_combined.cairo:1744:5
    _s024// Step 3.4: ordinary component 4 (size=13)
    ^^^^^
note: this error originates in the attribute macro: `test`

error: Missing semicolon
 --> /home/cactussediento/Proyectos/zkminestark/contracts/zkmine_2g/src/tests/test_ve_phase8_combined.cairo:1744:10
    _s024// Step 3.4: ordinary component 4 (size=13)
         ^
note: this error originates in the attribute macro: `test`

error[E0006]: Identifier not found.
 --> /home/cactussediento/Proyectos/zkminestark/contracts/zkmine_2g/src/tests/test_ve_phase8_combined.cairo:1749:5
    _s024// Step 8: unconstrained local (neighbors=3)
    ^^^^^
note: this error originates in the attribute macro: `test`

error: Missing semicolon
 --> /home/cactussediento/Proyectos/zkminestark/contracts/zkmine_2g/src/tests/test_ve_phase8_combined.cairo:1749:10
    _s024// Step 8: unconstrained local (neighbors=3)
         ^
note: this error originates in the attribute macro: `test`

error[E0006]: Identifier not found.
 --> /home/cactussediento/Proyectos/zkminestark/contracts/zkmine_2g/src/tests/test_ve_phase8_combined.cairo:1755:5
    _s025// Step 1: joint VE on special component 0 (size=54 width=7)
    ^^^^^
note: this error originates in the attribute macro: `test`

error: Missing semicolon
 --> /home/cactussediento/Proyectos/zkminestark/contracts/zkmine_2g/src/tests/test_ve_phase8_combined.cairo:1755:10
    _s025// Step 1: joint VE on special component 0 (size=54 width=7)
         ^
note: this error originates in the attribute macro: `test`

error[E0006]: Identifier not found.
 --> /home/cactussediento/Proyectos/zkminestark/contracts/zkmine_2g/src/tests/test_ve_phase8_combined.cairo:1762:5
    _s025// Step 2.0: ordinary component 0 (size=16)
    ^^^^^
note: this error originates in the attribute macro: `test`

error: Missing semicolon
 --> /home/cactussediento/Proyectos/zkminestark/contracts/zkmine_2g/src/tests/test_ve_phase8_combined.cairo:1762:10
    _s025// Step 2.0: ordinary component 0 (size=16)
         ^
note: this error originates in the attribute macro: `test`

error[E0006]: Identifier not found.
 --> /home/cactussediento/Proyectos/zkminestark/contracts/zkmine_2g/src/tests/test_ve_phase8_combined.cairo:1767:5
    _s025// Step 3.1: ordinary component 1 (size=35)
    ^^^^^
note: this error originates in the attribute macro: `test`

error: Missing semicolon
 --> /home/cactussediento/Proyectos/zkminestark/contracts/zkmine_2g/src/tests/test_ve_phase8_combined.cairo:1767:10
    _s025// Step 3.1: ordinary component 1 (size=35)
         ^
note: this error originates in the attribute macro: `test`

error[E0006]: Identifier not found.
 --> /home/cactussediento/Proyectos/zkminestark/contracts/zkmine_2g/src/tests/test_ve_phase8_combined.cairo:1772:5
    _s025// Step 3.2: ordinary component 2 (size=20)
    ^^^^^
note: this error originates in the attribute macro: `test`

error: Missing semicolon
 --> /home/cactussediento/Proyectos/zkminestark/contracts/zkmine_2g/src/tests/test_ve_phase8_combined.cairo:1772:10
    _s025// Step 3.2: ordinary component 2 (size=20)
         ^
note: this error originates in the attribute macro: `test`

error[E0006]: Identifier not found.
 --> /home/cactussediento/Proyectos/zkminestark/contracts/zkmine_2g/src/tests/test_ve_phase8_combined.cairo:1777:5
    _s025// Step 3.3: ordinary component 3 (size=17)
    ^^^^^
note: this error originates in the attribute macro: `test`

error: Missing semicolon
 --> /home/cactussediento/Proyectos/zkminestark/contracts/zkmine_2g/src/tests/test_ve_phase8_combined.cairo:1777:10
    _s025// Step 3.3: ordinary component 3 (size=17)
         ^
note: this error originates in the attribute macro: `test`

error[E0006]: Identifier not found.
 --> /home/cactussediento/Proyectos/zkminestark/contracts/zkmine_2g/src/tests/test_ve_phase8_combined.cairo:1782:5
    _s025// Step 3.4: ordinary component 4 (size=13)
    ^^^^^
note: this error originates in the attribute macro: `test`

error: Missing semicolon
 --> /home/cactussediento/Proyectos/zkminestark/contracts/zkmine_2g/src/tests/test_ve_phase8_combined.cairo:1782:10
    _s025// Step 3.4: ordinary component 4 (size=13)
         ^
note: this error originates in the attribute macro: `test`

error[E0006]: Identifier not found.
 --> /home/cactussediento/Proyectos/zkminestark/contracts/zkmine_2g/src/tests/test_ve_phase8_combined.cairo:1787:5
    _s025// Step 8: unconstrained local (neighbors=1)
    ^^^^^
note: this error originates in the attribute macro: `test`

error: Missing semicolon
 --> /home/cactussediento/Proyectos/zkminestark/contracts/zkmine_2g/src/tests/test_ve_phase8_combined.cairo:1787:10
    _s025// Step 8: unconstrained local (neighbors=1)
         ^
note: this error originates in the attribute macro: `test`

error[E0006]: Identifier not found.
 --> /home/cactussediento/Proyectos/zkminestark/contracts/zkmine_2g/src/tests/test_ve_phase8_combined.cairo:1793:5
    _s026// Step 1: joint VE on special component 0 (size=55 width=7)
    ^^^^^
note: this error originates in the attribute macro: `test`

error: Missing semicolon
 --> /home/cactussediento/Proyectos/zkminestark/contracts/zkmine_2g/src/tests/test_ve_phase8_combined.cairo:1793:10
    _s026// Step 1: joint VE on special component 0 (size=55 width=7)
         ^
note: this error originates in the attribute macro: `test`

error[E0006]: Identifier not found.
 --> /home/cactussediento/Proyectos/zkminestark/contracts/zkmine_2g/src/tests/test_ve_phase8_combined.cairo:1800:5
    _s026// Step 2.0: ordinary component 0 (size=16)
    ^^^^^
note: this error originates in the attribute macro: `test`

error: Missing semicolon
 --> /home/cactussediento/Proyectos/zkminestark/contracts/zkmine_2g/src/tests/test_ve_phase8_combined.cairo:1800:10
    _s026// Step 2.0: ordinary component 0 (size=16)
         ^
note: this error originates in the attribute macro: `test`

error[E0006]: Identifier not found.
 --> /home/cactussediento/Proyectos/zkminestark/contracts/zkmine_2g/src/tests/test_ve_phase8_combined.cairo:1805:5
    _s026// Step 3.1: ordinary component 1 (size=35)
    ^^^^^
note: this error originates in the attribute macro: `test`

error: Missing semicolon
 --> /home/cactussediento/Proyectos/zkminestark/contracts/zkmine_2g/src/tests/test_ve_phase8_combined.cairo:1805:10
    _s026// Step 3.1: ordinary component 1 (size=35)
         ^
note: this error originates in the attribute macro: `test`

error[E0006]: Identifier not found.
 --> /home/cactussediento/Proyectos/zkminestark/contracts/zkmine_2g/src/tests/test_ve_phase8_combined.cairo:1810:5
    _s026// Step 3.2: ordinary component 2 (size=20)
    ^^^^^
note: this error originates in the attribute macro: `test`

error: Missing semicolon
 --> /home/cactussediento/Proyectos/zkminestark/contracts/zkmine_2g/src/tests/test_ve_phase8_combined.cairo:1810:10
    _s026// Step 3.2: ordinary component 2 (size=20)
         ^
note: this error originates in the attribute macro: `test`

error[E0006]: Identifier not found.
 --> /home/cactussediento/Proyectos/zkminestark/contracts/zkmine_2g/src/tests/test_ve_phase8_combined.cairo:1815:5
    _s026// Step 3.3: ordinary component 3 (size=17)
    ^^^^^
note: this error originates in the attribute macro: `test`

error: Missing semicolon
 --> /home/cactussediento/Proyectos/zkminestark/contracts/zkmine_2g/src/tests/test_ve_phase8_combined.cairo:1815:10
    _s026// Step 3.3: ordinary component 3 (size=17)
         ^
note: this error originates in the attribute macro: `test`

error[E0006]: Identifier not found.
 --> /home/cactussediento/Proyectos/zkminestark/contracts/zkmine_2g/src/tests/test_ve_phase8_combined.cairo:1820:5
    _s026// Step 3.4: ordinary component 4 (size=13)
    ^^^^^
note: this error originates in the attribute macro: `test`

error: Missing semicolon
 --> /home/cactussediento/Proyectos/zkminestark/contracts/zkmine_2g/src/tests/test_ve_phase8_combined.cairo:1820:10
    _s026// Step 3.4: ordinary component 4 (size=13)
         ^
note: this error originates in the attribute macro: `test`

error[E0006]: Identifier not found.
 --> /home/cactussediento/Proyectos/zkminestark/contracts/zkmine_2g/src/tests/test_ve_phase8_combined.cairo:1825:5
    _s026// Step 8: unconstrained local (neighbors=1)
    ^^^^^
note: this error originates in the attribute macro: `test`

error: Missing semicolon
 --> /home/cactussediento/Proyectos/zkminestark/contracts/zkmine_2g/src/tests/test_ve_phase8_combined.cairo:1825:10
    _s026// Step 8: unconstrained local (neighbors=1)
         ^
note: this error originates in the attribute macro: `test`

error[E0006]: Identifier not found.
 --> /home/cactussediento/Proyectos/zkminestark/contracts/zkmine_2g/src/tests/test_ve_phase8_combined.cairo:1831:5
    _s027// Step 1: joint VE on special component 0 (size=56 width=7)
    ^^^^^
note: this error originates in the attribute macro: `test`

error: Missing semicolon
 --> /home/cactussediento/Proyectos/zkminestark/contracts/zkmine_2g/src/tests/test_ve_phase8_combined.cairo:1831:10
    _s027// Step 1: joint VE on special component 0 (size=56 width=7)
         ^
note: this error originates in the attribute macro: `test`

error[E0006]: Identifier not found.
 --> /home/cactussediento/Proyectos/zkminestark/contracts/zkmine_2g/src/tests/test_ve_phase8_combined.cairo:1837:5
    _s027// Step 2: joint VE on special component 1 (size=20 width=7)
    ^^^^^
note: this error originates in the attribute macro: `test`

error: Missing semicolon
 --> /home/cactussediento/Proyectos/zkminestark/contracts/zkmine_2g/src/tests/test_ve_phase8_combined.cairo:1837:10
    _s027// Step 2: joint VE on special component 1 (size=20 width=7)
         ^
note: this error originates in the attribute macro: `test`

error[E0006]: Identifier not found.
 --> /home/cactussediento/Proyectos/zkminestark/contracts/zkmine_2g/src/tests/test_ve_phase8_combined.cairo:1844:5
    _s027// Step 3.0: ordinary component 0 (size=16)
    ^^^^^
note: this error originates in the attribute macro: `test`

error: Missing semicolon
 --> /home/cactussediento/Proyectos/zkminestark/contracts/zkmine_2g/src/tests/test_ve_phase8_combined.cairo:1844:10
    _s027// Step 3.0: ordinary component 0 (size=16)
         ^
note: this error originates in the attribute macro: `test`

error[E0006]: Identifier not found.
 --> /home/cactussediento/Proyectos/zkminestark/contracts/zkmine_2g/src/tests/test_ve_phase8_combined.cairo:1849:5
    _s027// Step 4.1: ordinary component 1 (size=35)
    ^^^^^
note: this error originates in the attribute macro: `test`

error: Missing semicolon
 --> /home/cactussediento/Proyectos/zkminestark/contracts/zkmine_2g/src/tests/test_ve_phase8_combined.cairo:1849:10
    _s027// Step 4.1: ordinary component 1 (size=35)
         ^
note: this error originates in the attribute macro: `test`

error[E0006]: Identifier not found.
 --> /home/cactussediento/Proyectos/zkminestark/contracts/zkmine_2g/src/tests/test_ve_phase8_combined.cairo:1854:5
    _s027// Step 4.2: ordinary component 2 (size=17)
    ^^^^^
note: this error originates in the attribute macro: `test`

error: Missing semicolon
 --> /home/cactussediento/Proyectos/zkminestark/contracts/zkmine_2g/src/tests/test_ve_phase8_combined.cairo:1854:10
    _s027// Step 4.2: ordinary component 2 (size=17)
         ^
note: this error originates in the attribute macro: `test`

error[E0006]: Identifier not found.
 --> /home/cactussediento/Proyectos/zkminestark/contracts/zkmine_2g/src/tests/test_ve_phase8_combined.cairo:1859:5
    _s027// Step 4.3: ordinary component 3 (size=13)
    ^^^^^
note: this error originates in the attribute macro: `test`

error: Missing semicolon
 --> /home/cactussediento/Proyectos/zkminestark/contracts/zkmine_2g/src/tests/test_ve_phase8_combined.cairo:1859:10
    _s027// Step 4.3: ordinary component 3 (size=13)
         ^
note: this error originates in the attribute macro: `test`

error[E0006]: Identifier not found.
 --> /home/cactussediento/Proyectos/zkminestark/contracts/zkmine_2g/src/tests/test_ve_phase8_combined.cairo:1864:5
    _s027// Step 8: unconstrained local (neighbors=2)
    ^^^^^
note: this error originates in the attribute macro: `test`

error: Missing semicolon
 --> /home/cactussediento/Proyectos/zkminestark/contracts/zkmine_2g/src/tests/test_ve_phase8_combined.cairo:1864:10
    _s027// Step 8: unconstrained local (neighbors=2)
         ^
note: this error originates in the attribute macro: `test`

error[E0006]: Identifier not found.
 --> /home/cactussediento/Proyectos/zkminestark/contracts/zkmine_2g/src/tests/test_ve_phase8_combined.cairo:1870:5
    _s028// Step 1: joint VE on special component 0 (size=78 width=7)
    ^^^^^
note: this error originates in the attribute macro: `test`

error: Missing semicolon
 --> /home/cactussediento/Proyectos/zkminestark/contracts/zkmine_2g/src/tests/test_ve_phase8_combined.cairo:1870:10
    _s028// Step 1: joint VE on special component 0 (size=78 width=7)
         ^
note: this error originates in the attribute macro: `test`

error[E0006]: Identifier not found.
 --> /home/cactussediento/Proyectos/zkminestark/contracts/zkmine_2g/src/tests/test_ve_phase8_combined.cairo:1877:5
    _s028// Step 2.0: ordinary component 0 (size=16)
    ^^^^^
note: this error originates in the attribute macro: `test`

error: Missing semicolon
 --> /home/cactussediento/Proyectos/zkminestark/contracts/zkmine_2g/src/tests/test_ve_phase8_combined.cairo:1877:10
    _s028// Step 2.0: ordinary component 0 (size=16)
         ^
note: this error originates in the attribute macro: `test`

error[E0006]: Identifier not found.
 --> /home/cactussediento/Proyectos/zkminestark/contracts/zkmine_2g/src/tests/test_ve_phase8_combined.cairo:1882:5
    _s028// Step 3.1: ordinary component 1 (size=35)
    ^^^^^
note: this error originates in the attribute macro: `test`

error: Missing semicolon
 --> /home/cactussediento/Proyectos/zkminestark/contracts/zkmine_2g/src/tests/test_ve_phase8_combined.cairo:1882:10
    _s028// Step 3.1: ordinary component 1 (size=35)
         ^
note: this error originates in the attribute macro: `test`

error[E0006]: Identifier not found.
 --> /home/cactussediento/Proyectos/zkminestark/contracts/zkmine_2g/src/tests/test_ve_phase8_combined.cairo:1887:5
    _s028// Step 3.2: ordinary component 2 (size=17)
    ^^^^^
note: this error originates in the attribute macro: `test`

error: Missing semicolon
 --> /home/cactussediento/Proyectos/zkminestark/contracts/zkmine_2g/src/tests/test_ve_phase8_combined.cairo:1887:10
    _s028// Step 3.2: ordinary component 2 (size=17)
         ^
note: this error originates in the attribute macro: `test`

error[E0006]: Identifier not found.
 --> /home/cactussediento/Proyectos/zkminestark/contracts/zkmine_2g/src/tests/test_ve_phase8_combined.cairo:1892:5
    _s028// Step 3.3: ordinary component 3 (size=13)
    ^^^^^
note: this error originates in the attribute macro: `test`

error: Missing semicolon
 --> /home/cactussediento/Proyectos/zkminestark/contracts/zkmine_2g/src/tests/test_ve_phase8_combined.cairo:1892:10
    _s028// Step 3.3: ordinary component 3 (size=13)
         ^
note: this error originates in the attribute macro: `test`

error[E0006]: Identifier not found.
 --> /home/cactussediento/Proyectos/zkminestark/contracts/zkmine_2g/src/tests/test_ve_phase8_combined.cairo:1897:5
    _s028// Step 7: unconstrained local (neighbors=1)
    ^^^^^
note: this error originates in the attribute macro: `test`

error: Missing semicolon
 --> /home/cactussediento/Proyectos/zkminestark/contracts/zkmine_2g/src/tests/test_ve_phase8_combined.cairo:1897:10
    _s028// Step 7: unconstrained local (neighbors=1)
         ^
note: this error originates in the attribute macro: `test`

error[E0006]: Identifier not found.
 --> /home/cactussediento/Proyectos/zkminestark/contracts/zkmine_2g/src/tests/test_ve_phase8_combined.cairo:1903:5
    _s029// Step 1: joint VE on special component 0 (size=79 width=7)
    ^^^^^
note: this error originates in the attribute macro: `test`

error: Missing semicolon
 --> /home/cactussediento/Proyectos/zkminestark/contracts/zkmine_2g/src/tests/test_ve_phase8_combined.cairo:1903:10
    _s029// Step 1: joint VE on special component 0 (size=79 width=7)
         ^
note: this error originates in the attribute macro: `test`

error[E0006]: Identifier not found.
 --> /home/cactussediento/Proyectos/zkminestark/contracts/zkmine_2g/src/tests/test_ve_phase8_combined.cairo:1909:5
    _s029// Step 2: joint VE on special component 1 (size=35 width=7)
    ^^^^^
note: this error originates in the attribute macro: `test`

error: Missing semicolon
 --> /home/cactussediento/Proyectos/zkminestark/contracts/zkmine_2g/src/tests/test_ve_phase8_combined.cairo:1909:10
    _s029// Step 2: joint VE on special component 1 (size=35 width=7)
         ^
note: this error originates in the attribute macro: `test`

error[E0006]: Identifier not found.
 --> /home/cactussediento/Proyectos/zkminestark/contracts/zkmine_2g/src/tests/test_ve_phase8_combined.cairo:1916:5
    _s029// Step 3.0: ordinary component 0 (size=16)
    ^^^^^
note: this error originates in the attribute macro: `test`

error: Missing semicolon
 --> /home/cactussediento/Proyectos/zkminestark/contracts/zkmine_2g/src/tests/test_ve_phase8_combined.cairo:1916:10
    _s029// Step 3.0: ordinary component 0 (size=16)
         ^
note: this error originates in the attribute macro: `test`

error[E0006]: Identifier not found.
 --> /home/cactussediento/Proyectos/zkminestark/contracts/zkmine_2g/src/tests/test_ve_phase8_combined.cairo:1921:5
    _s029// Step 4.1: ordinary component 1 (size=17)
    ^^^^^
note: this error originates in the attribute macro: `test`

error: Missing semicolon
 --> /home/cactussediento/Proyectos/zkminestark/contracts/zkmine_2g/src/tests/test_ve_phase8_combined.cairo:1921:10
    _s029// Step 4.1: ordinary component 1 (size=17)
         ^
note: this error originates in the attribute macro: `test`

error[E0006]: Identifier not found.
 --> /home/cactussediento/Proyectos/zkminestark/contracts/zkmine_2g/src/tests/test_ve_phase8_combined.cairo:1926:5
    _s029// Step 4.2: ordinary component 2 (size=13)
    ^^^^^
note: this error originates in the attribute macro: `test`

error: Missing semicolon
 --> /home/cactussediento/Proyectos/zkminestark/contracts/zkmine_2g/src/tests/test_ve_phase8_combined.cairo:1926:10
    _s029// Step 4.2: ordinary component 2 (size=13)
         ^
note: this error originates in the attribute macro: `test`

error[E0006]: Identifier not found.
 --> /home/cactussediento/Proyectos/zkminestark/contracts/zkmine_2g/src/tests/test_ve_phase8_combined.cairo:1935:5
    _s030// Step 1: joint VE on special component 0 (size=114 width=7)
    ^^^^^
note: this error originates in the attribute macro: `test`

error: Missing semicolon
 --> /home/cactussediento/Proyectos/zkminestark/contracts/zkmine_2g/src/tests/test_ve_phase8_combined.cairo:1935:10
    _s030// Step 1: joint VE on special component 0 (size=114 width=7)
         ^
note: this error originates in the attribute macro: `test`

error[E0006]: Identifier not found.
 --> /home/cactussediento/Proyectos/zkminestark/contracts/zkmine_2g/src/tests/test_ve_phase8_combined.cairo:1942:5
    _s030// Step 2.0: ordinary component 0 (size=16)
    ^^^^^
note: this error originates in the attribute macro: `test`

error: Missing semicolon
 --> /home/cactussediento/Proyectos/zkminestark/contracts/zkmine_2g/src/tests/test_ve_phase8_combined.cairo:1942:10
    _s030// Step 2.0: ordinary component 0 (size=16)
         ^
note: this error originates in the attribute macro: `test`

error[E0006]: Identifier not found.
 --> /home/cactussediento/Proyectos/zkminestark/contracts/zkmine_2g/src/tests/test_ve_phase8_combined.cairo:1947:5
    _s030// Step 3.1: ordinary component 1 (size=17)
    ^^^^^
note: this error originates in the attribute macro: `test`

error: Missing semicolon
 --> /home/cactussediento/Proyectos/zkminestark/contracts/zkmine_2g/src/tests/test_ve_phase8_combined.cairo:1947:10
    _s030// Step 3.1: ordinary component 1 (size=17)
         ^
note: this error originates in the attribute macro: `test`

error[E0006]: Identifier not found.
 --> /home/cactussediento/Proyectos/zkminestark/contracts/zkmine_2g/src/tests/test_ve_phase8_combined.cairo:1952:5
    _s030// Step 3.2: ordinary component 2 (size=13)
    ^^^^^
note: this error originates in the attribute macro: `test`

error: Missing semicolon
 --> /home/cactussediento/Proyectos/zkminestark/contracts/zkmine_2g/src/tests/test_ve_phase8_combined.cairo:1952:10
    _s030// Step 3.2: ordinary component 2 (size=13)
         ^
note: this error originates in the attribute macro: `test`

error[E0006]: Identifier not found.
 --> /home/cactussediento/Proyectos/zkminestark/contracts/zkmine_2g/src/tests/test_ve_phase8_combined.cairo:1961:5
    _s031// Step 1: joint VE on special component 0 (size=114 width=7)
    ^^^^^
note: this error originates in the attribute macro: `test`

error: Missing semicolon
 --> /home/cactussediento/Proyectos/zkminestark/contracts/zkmine_2g/src/tests/test_ve_phase8_combined.cairo:1961:10
    _s031// Step 1: joint VE on special component 0 (size=114 width=7)
         ^
note: this error originates in the attribute macro: `test`

error[E0006]: Identifier not found.
 --> /home/cactussediento/Proyectos/zkminestark/contracts/zkmine_2g/src/tests/test_ve_phase8_combined.cairo:1968:5
    _s031// Step 2.0: ordinary component 0 (size=16)
    ^^^^^
note: this error originates in the attribute macro: `test`

error: Missing semicolon
 --> /home/cactussediento/Proyectos/zkminestark/contracts/zkmine_2g/src/tests/test_ve_phase8_combined.cairo:1968:10
    _s031// Step 2.0: ordinary component 0 (size=16)
         ^
note: this error originates in the attribute macro: `test`

error[E0006]: Identifier not found.
 --> /home/cactussediento/Proyectos/zkminestark/contracts/zkmine_2g/src/tests/test_ve_phase8_combined.cairo:1973:5
    _s031// Step 3.1: ordinary component 1 (size=17)
    ^^^^^
note: this error originates in the attribute macro: `test`

error: Missing semicolon
 --> /home/cactussediento/Proyectos/zkminestark/contracts/zkmine_2g/src/tests/test_ve_phase8_combined.cairo:1973:10
    _s031// Step 3.1: ordinary component 1 (size=17)
         ^
note: this error originates in the attribute macro: `test`

error[E0006]: Identifier not found.
 --> /home/cactussediento/Proyectos/zkminestark/contracts/zkmine_2g/src/tests/test_ve_phase8_combined.cairo:1978:5
    _s031// Step 3.2: ordinary component 2 (size=13)
    ^^^^^
note: this error originates in the attribute macro: `test`

error: Missing semicolon
 --> /home/cactussediento/Proyectos/zkminestark/contracts/zkmine_2g/src/tests/test_ve_phase8_combined.cairo:1978:10
    _s031// Step 3.2: ordinary component 2 (size=13)
         ^
note: this error originates in the attribute macro: `test`

error[E0006]: Identifier not found.
 --> /home/cactussediento/Proyectos/zkminestark/contracts/zkmine_2g/src/tests/test_ve_phase8_combined.cairo:1987:5
    _s032// Step 1: joint VE on special component 0 (size=114 width=7)
    ^^^^^
note: this error originates in the attribute macro: `test`

error: Missing semicolon
 --> /home/cactussediento/Proyectos/zkminestark/contracts/zkmine_2g/src/tests/test_ve_phase8_combined.cairo:1987:10
    _s032// Step 1: joint VE on special component 0 (size=114 width=7)
         ^
note: this error originates in the attribute macro: `test`

error[E0006]: Identifier not found.
 --> /home/cactussediento/Proyectos/zkminestark/contracts/zkmine_2g/src/tests/test_ve_phase8_combined.cairo:1994:5
    _s032// Step 2.0: ordinary component 0 (size=16)
    ^^^^^
note: this error originates in the attribute macro: `test`

error: Missing semicolon
 --> /home/cactussediento/Proyectos/zkminestark/contracts/zkmine_2g/src/tests/test_ve_phase8_combined.cairo:1994:10
    _s032// Step 2.0: ordinary component 0 (size=16)
         ^
note: this error originates in the attribute macro: `test`

error[E0006]: Identifier not found.
 --> /home/cactussediento/Proyectos/zkminestark/contracts/zkmine_2g/src/tests/test_ve_phase8_combined.cairo:1999:5
    _s032// Step 3.1: ordinary component 1 (size=17)
    ^^^^^
note: this error originates in the attribute macro: `test`

error: Missing semicolon
 --> /home/cactussediento/Proyectos/zkminestark/contracts/zkmine_2g/src/tests/test_ve_phase8_combined.cairo:1999:10
    _s032// Step 3.1: ordinary component 1 (size=17)
         ^
note: this error originates in the attribute macro: `test`

error[E0006]: Identifier not found.
 --> /home/cactussediento/Proyectos/zkminestark/contracts/zkmine_2g/src/tests/test_ve_phase8_combined.cairo:2004:5
    _s032// Step 3.2: ordinary component 2 (size=13)
    ^^^^^
note: this error originates in the attribute macro: `test`

error: Missing semicolon
 --> /home/cactussediento/Proyectos/zkminestark/contracts/zkmine_2g/src/tests/test_ve_phase8_combined.cairo:2004:10
    _s032// Step 3.2: ordinary component 2 (size=13)
         ^
note: this error originates in the attribute macro: `test`

error[E0006]: Identifier not found.
 --> /home/cactussediento/Proyectos/zkminestark/contracts/zkmine_2g/src/tests/test_ve_phase8_combined.cairo:2009:5
    _s032// Step 6: unconstrained local (neighbors=1)
    ^^^^^
note: this error originates in the attribute macro: `test`

error: Missing semicolon
 --> /home/cactussediento/Proyectos/zkminestark/contracts/zkmine_2g/src/tests/test_ve_phase8_combined.cairo:2009:10
    _s032// Step 6: unconstrained local (neighbors=1)
         ^
note: this error originates in the attribute macro: `test`

error[E0006]: Identifier not found.
 --> /home/cactussediento/Proyectos/zkminestark/contracts/zkmine_2g/src/tests/test_ve_phase8_combined.cairo:2015:5
    _s033// Step 1: joint VE on special component 0 (size=115 width=7)
    ^^^^^
note: this error originates in the attribute macro: `test`

error: Missing semicolon
 --> /home/cactussediento/Proyectos/zkminestark/contracts/zkmine_2g/src/tests/test_ve_phase8_combined.cairo:2015:10
    _s033// Step 1: joint VE on special component 0 (size=115 width=7)
         ^
note: this error originates in the attribute macro: `test`

error[E0006]: Identifier not found.
 --> /home/cactussediento/Proyectos/zkminestark/contracts/zkmine_2g/src/tests/test_ve_phase8_combined.cairo:2022:5
    _s033// Step 2.0: ordinary component 0 (size=16)
    ^^^^^
note: this error originates in the attribute macro: `test`

error: Missing semicolon
 --> /home/cactussediento/Proyectos/zkminestark/contracts/zkmine_2g/src/tests/test_ve_phase8_combined.cairo:2022:10
    _s033// Step 2.0: ordinary component 0 (size=16)
         ^
note: this error originates in the attribute macro: `test`

error[E0006]: Identifier not found.
 --> /home/cactussediento/Proyectos/zkminestark/contracts/zkmine_2g/src/tests/test_ve_phase8_combined.cairo:2027:5
    _s033// Step 3.1: ordinary component 1 (size=17)
    ^^^^^
note: this error originates in the attribute macro: `test`

error: Missing semicolon
 --> /home/cactussediento/Proyectos/zkminestark/contracts/zkmine_2g/src/tests/test_ve_phase8_combined.cairo:2027:10
    _s033// Step 3.1: ordinary component 1 (size=17)
         ^
note: this error originates in the attribute macro: `test`

error[E0006]: Identifier not found.
 --> /home/cactussediento/Proyectos/zkminestark/contracts/zkmine_2g/src/tests/test_ve_phase8_combined.cairo:2032:5
    _s033// Step 3.2: ordinary component 2 (size=13)
    ^^^^^
note: this error originates in the attribute macro: `test`

error: Missing semicolon
 --> /home/cactussediento/Proyectos/zkminestark/contracts/zkmine_2g/src/tests/test_ve_phase8_combined.cairo:2032:10
    _s033// Step 3.2: ordinary component 2 (size=13)
         ^
note: this error originates in the attribute macro: `test`

error[E0006]: Identifier not found.
 --> /home/cactussediento/Proyectos/zkminestark/contracts/zkmine_2g/src/tests/test_ve_phase8_combined.cairo:2037:5
    _s033// Step 6: unconstrained local (neighbors=1)
    ^^^^^
note: this error originates in the attribute macro: `test`

error: Missing semicolon
 --> /home/cactussediento/Proyectos/zkminestark/contracts/zkmine_2g/src/tests/test_ve_phase8_combined.cairo:2037:10
    _s033// Step 6: unconstrained local (neighbors=1)
         ^
note: this error originates in the attribute macro: `test`

error[E0006]: Identifier not found.
 --> /home/cactussediento/Proyectos/zkminestark/contracts/zkmine_2g/src/tests/test_ve_phase8_combined.cairo:2043:5
    _s034// Step 1: joint VE on special component 0 (size=74 width=7)
    ^^^^^
note: this error originates in the attribute macro: `test`

error: Missing semicolon
 --> /home/cactussediento/Proyectos/zkminestark/contracts/zkmine_2g/src/tests/test_ve_phase8_combined.cairo:2043:10
    _s034// Step 1: joint VE on special component 0 (size=74 width=7)
         ^
note: this error originates in the attribute macro: `test`

error[E0006]: Identifier not found.
 --> /home/cactussediento/Proyectos/zkminestark/contracts/zkmine_2g/src/tests/test_ve_phase8_combined.cairo:2050:5
    _s034// Step 2.0: ordinary component 0 (size=16)
    ^^^^^
note: this error originates in the attribute macro: `test`

error: Missing semicolon
 --> /home/cactussediento/Proyectos/zkminestark/contracts/zkmine_2g/src/tests/test_ve_phase8_combined.cairo:2050:10
    _s034// Step 2.0: ordinary component 0 (size=16)
         ^
note: this error originates in the attribute macro: `test`

error[E0006]: Identifier not found.
 --> /home/cactussediento/Proyectos/zkminestark/contracts/zkmine_2g/src/tests/test_ve_phase8_combined.cairo:2055:5
    _s034// Step 3.1: ordinary component 1 (size=33)
    ^^^^^
note: this error originates in the attribute macro: `test`

error: Missing semicolon
 --> /home/cactussediento/Proyectos/zkminestark/contracts/zkmine_2g/src/tests/test_ve_phase8_combined.cairo:2055:10
    _s034// Step 3.1: ordinary component 1 (size=33)
         ^
note: this error originates in the attribute macro: `test`

error[E0006]: Identifier not found.
 --> /home/cactussediento/Proyectos/zkminestark/contracts/zkmine_2g/src/tests/test_ve_phase8_combined.cairo:2060:5
    _s034// Step 3.2: ordinary component 2 (size=2)
    ^^^^^
note: this error originates in the attribute macro: `test`

error: Missing semicolon
 --> /home/cactussediento/Proyectos/zkminestark/contracts/zkmine_2g/src/tests/test_ve_phase8_combined.cairo:2060:10
    _s034// Step 3.2: ordinary component 2 (size=2)
         ^
note: this error originates in the attribute macro: `test`

error[E0006]: Identifier not found.
 --> /home/cactussediento/Proyectos/zkminestark/contracts/zkmine_2g/src/tests/test_ve_phase8_combined.cairo:2065:5
    _s034// Step 3.3: ordinary component 3 (size=17)
    ^^^^^
note: this error originates in the attribute macro: `test`

error: Missing semicolon
 --> /home/cactussediento/Proyectos/zkminestark/contracts/zkmine_2g/src/tests/test_ve_phase8_combined.cairo:2065:10
    _s034// Step 3.3: ordinary component 3 (size=17)
         ^
note: this error originates in the attribute macro: `test`

error[E0006]: Identifier not found.
 --> /home/cactussediento/Proyectos/zkminestark/contracts/zkmine_2g/src/tests/test_ve_phase8_combined.cairo:2070:5
    _s034// Step 3.4: ordinary component 4 (size=13)
    ^^^^^
note: this error originates in the attribute macro: `test`

error: Missing semicolon
 --> /home/cactussediento/Proyectos/zkminestark/contracts/zkmine_2g/src/tests/test_ve_phase8_combined.cairo:2070:10
    _s034// Step 3.4: ordinary component 4 (size=13)
         ^
note: this error originates in the attribute macro: `test`

error[E0006]: Identifier not found.
 --> /home/cactussediento/Proyectos/zkminestark/contracts/zkmine_2g/src/tests/test_ve_phase8_combined.cairo:2075:5
    _s034// Step 8: unconstrained local (neighbors=3)
    ^^^^^
note: this error originates in the attribute macro: `test`

error: Missing semicolon
 --> /home/cactussediento/Proyectos/zkminestark/contracts/zkmine_2g/src/tests/test_ve_phase8_combined.cairo:2075:10
    _s034// Step 8: unconstrained local (neighbors=3)
         ^
note: this error originates in the attribute macro: `test`

error[E0006]: Identifier not found.
 --> /home/cactussediento/Proyectos/zkminestark/contracts/zkmine_2g/src/tests/test_ve_phase8_combined.cairo:2081:5
    _s035// Step 1: joint VE on special component 0 (size=77 width=7)
    ^^^^^
note: this error originates in the attribute macro: `test`

error: Missing semicolon
 --> /home/cactussediento/Proyectos/zkminestark/contracts/zkmine_2g/src/tests/test_ve_phase8_combined.cairo:2081:10
    _s035// Step 1: joint VE on special component 0 (size=77 width=7)
         ^
note: this error originates in the attribute macro: `test`

error[E0006]: Identifier not found.
 --> /home/cactussediento/Proyectos/zkminestark/contracts/zkmine_2g/src/tests/test_ve_phase8_combined.cairo:2088:5
    _s035// Step 2.0: ordinary component 0 (size=16)
    ^^^^^
note: this error originates in the attribute macro: `test`

error: Missing semicolon
 --> /home/cactussediento/Proyectos/zkminestark/contracts/zkmine_2g/src/tests/test_ve_phase8_combined.cairo:2088:10
    _s035// Step 2.0: ordinary component 0 (size=16)
         ^
note: this error originates in the attribute macro: `test`

error[E0006]: Identifier not found.
 --> /home/cactussediento/Proyectos/zkminestark/contracts/zkmine_2g/src/tests/test_ve_phase8_combined.cairo:2093:5
    _s035// Step 3.1: ordinary component 1 (size=33)
    ^^^^^
note: this error originates in the attribute macro: `test`

error: Missing semicolon
 --> /home/cactussediento/Proyectos/zkminestark/contracts/zkmine_2g/src/tests/test_ve_phase8_combined.cairo:2093:10
    _s035// Step 3.1: ordinary component 1 (size=33)
         ^
note: this error originates in the attribute macro: `test`

error[E0006]: Identifier not found.
 --> /home/cactussediento/Proyectos/zkminestark/contracts/zkmine_2g/src/tests/test_ve_phase8_combined.cairo:2098:5
    _s035// Step 3.2: ordinary component 2 (size=2)
    ^^^^^
note: this error originates in the attribute macro: `test`

error: Missing semicolon
 --> /home/cactussediento/Proyectos/zkminestark/contracts/zkmine_2g/src/tests/test_ve_phase8_combined.cairo:2098:10
    _s035// Step 3.2: ordinary component 2 (size=2)
         ^
note: this error originates in the attribute macro: `test`

error[E0006]: Identifier not found.
 --> /home/cactussediento/Proyectos/zkminestark/contracts/zkmine_2g/src/tests/test_ve_phase8_combined.cairo:2103:5
    _s035// Step 3.3: ordinary component 3 (size=17)
    ^^^^^
note: this error originates in the attribute macro: `test`

error: Missing semicolon
 --> /home/cactussediento/Proyectos/zkminestark/contracts/zkmine_2g/src/tests/test_ve_phase8_combined.cairo:2103:10
    _s035// Step 3.3: ordinary component 3 (size=17)
         ^
note: this error originates in the attribute macro: `test`

error[E0006]: Identifier not found.
 --> /home/cactussediento/Proyectos/zkminestark/contracts/zkmine_2g/src/tests/test_ve_phase8_combined.cairo:2108:5
    _s035// Step 3.4: ordinary component 4 (size=13)
    ^^^^^
note: this error originates in the attribute macro: `test`

error: Missing semicolon
 --> /home/cactussediento/Proyectos/zkminestark/contracts/zkmine_2g/src/tests/test_ve_phase8_combined.cairo:2108:10
    _s035// Step 3.4: ordinary component 4 (size=13)
         ^
note: this error originates in the attribute macro: `test`

error[E0006]: Identifier not found.
 --> /home/cactussediento/Proyectos/zkminestark/contracts/zkmine_2g/src/tests/test_ve_phase8_combined.cairo:2113:5
    _s035// Step 8: unconstrained local (neighbors=1)
    ^^^^^
note: this error originates in the attribute macro: `test`

error: Missing semicolon
 --> /home/cactussediento/Proyectos/zkminestark/contracts/zkmine_2g/src/tests/test_ve_phase8_combined.cairo:2113:10
    _s035// Step 8: unconstrained local (neighbors=1)
         ^
note: this error originates in the attribute macro: `test`

error[E0006]: Identifier not found.
 --> /home/cactussediento/Proyectos/zkminestark/contracts/zkmine_2g/src/tests/test_ve_phase8_combined.cairo:2119:5
    _s036// Step 1: joint VE on special component 0 (size=78 width=7)
    ^^^^^
note: this error originates in the attribute macro: `test`

error: Missing semicolon
 --> /home/cactussediento/Proyectos/zkminestark/contracts/zkmine_2g/src/tests/test_ve_phase8_combined.cairo:2119:10
    _s036// Step 1: joint VE on special component 0 (size=78 width=7)
         ^
note: this error originates in the attribute macro: `test`

error[E0006]: Identifier not found.
 --> /home/cactussediento/Proyectos/zkminestark/contracts/zkmine_2g/src/tests/test_ve_phase8_combined.cairo:2125:5
    _s036// Step 2: joint VE on special component 1 (size=33 width=7)
    ^^^^^
note: this error originates in the attribute macro: `test`

error: Missing semicolon
 --> /home/cactussediento/Proyectos/zkminestark/contracts/zkmine_2g/src/tests/test_ve_phase8_combined.cairo:2125:10
    _s036// Step 2: joint VE on special component 1 (size=33 width=7)
         ^
note: this error originates in the attribute macro: `test`

error[E0006]: Identifier not found.
 --> /home/cactussediento/Proyectos/zkminestark/contracts/zkmine_2g/src/tests/test_ve_phase8_combined.cairo:2132:5
    _s036// Step 3.0: ordinary component 0 (size=16)
    ^^^^^
note: this error originates in the attribute macro: `test`

error: Missing semicolon
 --> /home/cactussediento/Proyectos/zkminestark/contracts/zkmine_2g/src/tests/test_ve_phase8_combined.cairo:2132:10
    _s036// Step 3.0: ordinary component 0 (size=16)
         ^
note: this error originates in the attribute macro: `test`

error[E0006]: Identifier not found.
 --> /home/cactussediento/Proyectos/zkminestark/contracts/zkmine_2g/src/tests/test_ve_phase8_combined.cairo:2137:5
    _s036// Step 4.1: ordinary component 1 (size=2)
    ^^^^^
note: this error originates in the attribute macro: `test`

error: Missing semicolon
 --> /home/cactussediento/Proyectos/zkminestark/contracts/zkmine_2g/src/tests/test_ve_phase8_combined.cairo:2137:10
    _s036// Step 4.1: ordinary component 1 (size=2)
         ^
note: this error originates in the attribute macro: `test`

error[E0006]: Identifier not found.
 --> /home/cactussediento/Proyectos/zkminestark/contracts/zkmine_2g/src/tests/test_ve_phase8_combined.cairo:2142:5
    _s036// Step 4.2: ordinary component 2 (size=17)
    ^^^^^
note: this error originates in the attribute macro: `test`

error: Missing semicolon
 --> /home/cactussediento/Proyectos/zkminestark/contracts/zkmine_2g/src/tests/test_ve_phase8_combined.cairo:2142:10
    _s036// Step 4.2: ordinary component 2 (size=17)
         ^
note: this error originates in the attribute macro: `test`

error[E0006]: Identifier not found.
 --> /home/cactussediento/Proyectos/zkminestark/contracts/zkmine_2g/src/tests/test_ve_phase8_combined.cairo:2147:5
    _s036// Step 4.3: ordinary component 3 (size=13)
    ^^^^^
note: this error originates in the attribute macro: `test`

error: Missing semicolon
 --> /home/cactussediento/Proyectos/zkminestark/contracts/zkmine_2g/src/tests/test_ve_phase8_combined.cairo:2147:10
    _s036// Step 4.3: ordinary component 3 (size=13)
         ^
note: this error originates in the attribute macro: `test`

error[E0006]: Identifier not found.
 --> /home/cactussediento/Proyectos/zkminestark/contracts/zkmine_2g/src/tests/test_ve_phase8_combined.cairo:2156:5
    _s037// Step 1: joint VE on special component 0 (size=111 width=7)
    ^^^^^
note: this error originates in the attribute macro: `test`

error: Missing semicolon
 --> /home/cactussediento/Proyectos/zkminestark/contracts/zkmine_2g/src/tests/test_ve_phase8_combined.cairo:2156:10
    _s037// Step 1: joint VE on special component 0 (size=111 width=7)
         ^
note: this error originates in the attribute macro: `test`

error[E0006]: Identifier not found.
 --> /home/cactussediento/Proyectos/zkminestark/contracts/zkmine_2g/src/tests/test_ve_phase8_combined.cairo:2162:5
    _s037// Step 2: joint VE on special component 1 (size=2 width=1)
    ^^^^^
note: this error originates in the attribute macro: `test`

error: Missing semicolon
 --> /home/cactussediento/Proyectos/zkminestark/contracts/zkmine_2g/src/tests/test_ve_phase8_combined.cairo:2162:10
    _s037// Step 2: joint VE on special component 1 (size=2 width=1)
         ^
note: this error originates in the attribute macro: `test`

error[E0006]: Identifier not found.
 --> /home/cactussediento/Proyectos/zkminestark/contracts/zkmine_2g/src/tests/test_ve_phase8_combined.cairo:2169:5
    _s037// Step 3.0: ordinary component 0 (size=16)
    ^^^^^
note: this error originates in the attribute macro: `test`

error: Missing semicolon
 --> /home/cactussediento/Proyectos/zkminestark/contracts/zkmine_2g/src/tests/test_ve_phase8_combined.cairo:2169:10
    _s037// Step 3.0: ordinary component 0 (size=16)
         ^
note: this error originates in the attribute macro: `test`

error[E0006]: Identifier not found.
 --> /home/cactussediento/Proyectos/zkminestark/contracts/zkmine_2g/src/tests/test_ve_phase8_combined.cairo:2174:5
    _s037// Step 4.1: ordinary component 1 (size=17)
    ^^^^^
note: this error originates in the attribute macro: `test`

error: Missing semicolon
 --> /home/cactussediento/Proyectos/zkminestark/contracts/zkmine_2g/src/tests/test_ve_phase8_combined.cairo:2174:10
    _s037// Step 4.1: ordinary component 1 (size=17)
         ^
note: this error originates in the attribute macro: `test`

error[E0006]: Identifier not found.
 --> /home/cactussediento/Proyectos/zkminestark/contracts/zkmine_2g/src/tests/test_ve_phase8_combined.cairo:2179:5
    _s037// Step 4.2: ordinary component 2 (size=13)
    ^^^^^
note: this error originates in the attribute macro: `test`

error: Missing semicolon
 --> /home/cactussediento/Proyectos/zkminestark/contracts/zkmine_2g/src/tests/test_ve_phase8_combined.cairo:2179:10
    _s037// Step 4.2: ordinary component 2 (size=13)
         ^
note: this error originates in the attribute macro: `test`

error[E0006]: Identifier not found.
 --> /home/cactussediento/Proyectos/zkminestark/contracts/zkmine_2g/src/tests/test_ve_phase8_combined.cairo:2188:5
    _s038// Step 1: joint VE on special component 0 (size=113 width=7)
    ^^^^^
note: this error originates in the attribute macro: `test`

error: Missing semicolon
 --> /home/cactussediento/Proyectos/zkminestark/contracts/zkmine_2g/src/tests/test_ve_phase8_combined.cairo:2188:10
    _s038// Step 1: joint VE on special component 0 (size=113 width=7)
         ^
note: this error originates in the attribute macro: `test`

error[E0006]: Identifier not found.
 --> /home/cactussediento/Proyectos/zkminestark/contracts/zkmine_2g/src/tests/test_ve_phase8_combined.cairo:2195:5
    _s038// Step 2.0: ordinary component 0 (size=16)
    ^^^^^
note: this error originates in the attribute macro: `test`

error: Missing semicolon
 --> /home/cactussediento/Proyectos/zkminestark/contracts/zkmine_2g/src/tests/test_ve_phase8_combined.cairo:2195:10
    _s038// Step 2.0: ordinary component 0 (size=16)
         ^
note: this error originates in the attribute macro: `test`

error[E0006]: Identifier not found.
 --> /home/cactussediento/Proyectos/zkminestark/contracts/zkmine_2g/src/tests/test_ve_phase8_combined.cairo:2200:5
    _s038// Step 3.1: ordinary component 1 (size=17)
    ^^^^^
note: this error originates in the attribute macro: `test`

error: Missing semicolon
 --> /home/cactussediento/Proyectos/zkminestark/contracts/zkmine_2g/src/tests/test_ve_phase8_combined.cairo:2200:10
    _s038// Step 3.1: ordinary component 1 (size=17)
         ^
note: this error originates in the attribute macro: `test`

error[E0006]: Identifier not found.
 --> /home/cactussediento/Proyectos/zkminestark/contracts/zkmine_2g/src/tests/test_ve_phase8_combined.cairo:2205:5
    _s038// Step 3.2: ordinary component 2 (size=13)
    ^^^^^
note: this error originates in the attribute macro: `test`

error: Missing semicolon
 --> /home/cactussediento/Proyectos/zkminestark/contracts/zkmine_2g/src/tests/test_ve_phase8_combined.cairo:2205:10
    _s038// Step 3.2: ordinary component 2 (size=13)
         ^
note: this error originates in the attribute macro: `test`

error[E0006]: Identifier not found.
 --> /home/cactussediento/Proyectos/zkminestark/contracts/zkmine_2g/src/tests/test_ve_phase8_combined.cairo:2210:5
    _s038// Step 6: unconstrained local (neighbors=2)
    ^^^^^
note: this error originates in the attribute macro: `test`

error: Missing semicolon
 --> /home/cactussediento/Proyectos/zkminestark/contracts/zkmine_2g/src/tests/test_ve_phase8_combined.cairo:2210:10
    _s038// Step 6: unconstrained local (neighbors=2)
         ^
note: this error originates in the attribute macro: `test`

error[E0006]: Identifier not found.
 --> /home/cactussediento/Proyectos/zkminestark/contracts/zkmine_2g/src/tests/test_ve_phase8_combined.cairo:2216:5
    _s039// Step 1: joint VE on special component 0 (size=115 width=7)
    ^^^^^
note: this error originates in the attribute macro: `test`

error: Missing semicolon
 --> /home/cactussediento/Proyectos/zkminestark/contracts/zkmine_2g/src/tests/test_ve_phase8_combined.cairo:2216:10
    _s039// Step 1: joint VE on special component 0 (size=115 width=7)
         ^
note: this error originates in the attribute macro: `test`

error[E0006]: Identifier not found.
 --> /home/cactussediento/Proyectos/zkminestark/contracts/zkmine_2g/src/tests/test_ve_phase8_combined.cairo:2223:5
    _s039// Step 2.0: ordinary component 0 (size=16)
    ^^^^^
note: this error originates in the attribute macro: `test`

error: Missing semicolon
 --> /home/cactussediento/Proyectos/zkminestark/contracts/zkmine_2g/src/tests/test_ve_phase8_combined.cairo:2223:10
    _s039// Step 2.0: ordinary component 0 (size=16)
         ^
note: this error originates in the attribute macro: `test`

error[E0006]: Identifier not found.
 --> /home/cactussediento/Proyectos/zkminestark/contracts/zkmine_2g/src/tests/test_ve_phase8_combined.cairo:2228:5
    _s039// Step 3.1: ordinary component 1 (size=17)
    ^^^^^
note: this error originates in the attribute macro: `test`

error: Missing semicolon
 --> /home/cactussediento/Proyectos/zkminestark/contracts/zkmine_2g/src/tests/test_ve_phase8_combined.cairo:2228:10
    _s039// Step 3.1: ordinary component 1 (size=17)
         ^
note: this error originates in the attribute macro: `test`

error[E0006]: Identifier not found.
 --> /home/cactussediento/Proyectos/zkminestark/contracts/zkmine_2g/src/tests/test_ve_phase8_combined.cairo:2233:5
    _s039// Step 3.2: ordinary component 2 (size=13)
    ^^^^^
note: this error originates in the attribute macro: `test`

error: Missing semicolon
 --> /home/cactussediento/Proyectos/zkminestark/contracts/zkmine_2g/src/tests/test_ve_phase8_combined.cairo:2233:10
    _s039// Step 3.2: ordinary component 2 (size=13)
         ^
note: this error originates in the attribute macro: `test`

error[E0006]: Identifier not found.
 --> /home/cactussediento/Proyectos/zkminestark/contracts/zkmine_2g/src/tests/test_ve_phase8_combined.cairo:2242:5
    _s040// Step 1: joint VE on special component 0 (size=115 width=7)
    ^^^^^
note: this error originates in the attribute macro: `test`

error: Missing semicolon
 --> /home/cactussediento/Proyectos/zkminestark/contracts/zkmine_2g/src/tests/test_ve_phase8_combined.cairo:2242:10
    _s040// Step 1: joint VE on special component 0 (size=115 width=7)
         ^
note: this error originates in the attribute macro: `test`

error[E0006]: Identifier not found.
 --> /home/cactussediento/Proyectos/zkminestark/contracts/zkmine_2g/src/tests/test_ve_phase8_combined.cairo:2249:5
    _s040// Step 2.0: ordinary component 0 (size=16)
    ^^^^^
note: this error originates in the attribute macro: `test`

error: Missing semicolon
 --> /home/cactussediento/Proyectos/zkminestark/contracts/zkmine_2g/src/tests/test_ve_phase8_combined.cairo:2249:10
    _s040// Step 2.0: ordinary component 0 (size=16)
         ^
note: this error originates in the attribute macro: `test`

error[E0006]: Identifier not found.
 --> /home/cactussediento/Proyectos/zkminestark/contracts/zkmine_2g/src/tests/test_ve_phase8_combined.cairo:2254:5
    _s040// Step 3.1: ordinary component 1 (size=17)
    ^^^^^
note: this error originates in the attribute macro: `test`

error: Missing semicolon
 --> /home/cactussediento/Proyectos/zkminestark/contracts/zkmine_2g/src/tests/test_ve_phase8_combined.cairo:2254:10
    _s040// Step 3.1: ordinary component 1 (size=17)
         ^
note: this error originates in the attribute macro: `test`

error[E0006]: Identifier not found.
 --> /home/cactussediento/Proyectos/zkminestark/contracts/zkmine_2g/src/tests/test_ve_phase8_combined.cairo:2259:5
    _s040// Step 3.2: ordinary component 2 (size=13)
    ^^^^^
note: this error originates in the attribute macro: `test`

error: Missing semicolon
 --> /home/cactussediento/Proyectos/zkminestark/contracts/zkmine_2g/src/tests/test_ve_phase8_combined.cairo:2259:10
    _s040// Step 3.2: ordinary component 2 (size=13)
         ^
note: this error originates in the attribute macro: `test`

error[E0006]: Identifier not found.
 --> /home/cactussediento/Proyectos/zkminestark/contracts/zkmine_2g/src/tests/test_ve_phase8_combined.cairo:2264:5
    _s040// Step 6: unconstrained local (neighbors=1)
    ^^^^^
note: this error originates in the attribute macro: `test`

error: Missing semicolon
 --> /home/cactussediento/Proyectos/zkminestark/contracts/zkmine_2g/src/tests/test_ve_phase8_combined.cairo:2264:10
    _s040// Step 6: unconstrained local (neighbors=1)
         ^
note: this error originates in the attribute macro: `test`

error: could not compile `zkmine_2g` due to 810 previous errors and 2 warnings
[ERROR] Failed to build test artifacts with Scarb: `scarb` exited with error
=== END SHARD: combined (3 tests) ===
=== Phase 8 sharded run COMPLETE ===
